first_name,last_name,erp_id,created_on,billing_address,email,company_name,loyalty_tier
Adrian,Staloer,ERP-2026-000001,2025-02-26T23:51:14Z,"Queen Road 59, 95565 Basel, Switzerland",ccciw.adrian.stalder@gmx.de,Staloer Trading,silver
Amelia,Thomas,ERP-2026-000002,2024-12-21T18:06:18Z,"Cedar Boulevard 17, 78127 Leeds, United Kingdom",ccciw.amelia.thomas@yahoo.com,Thomas Group,none
Anna,Braun,ERP-2026-000003,2025-06-12T22:32:50Z,"Park Road 29, 61489 Berlin, Germany",ccciw.anna.braun@outlook.com,Braun Solutions,none
Anna,Huber,ERP-2026-000004,2025-08-01T21:21:37Z,"Cedar Street 61, 69521 Berlin, Germany",ccciw.anna.huber@gmx.de,Huber Group,silver
Aana,Kuhn,ERP-2026-000005,2025-03-20T02:50:40Z,"Hill Lane 64, 88757 Dusseldorf, Germany",ccciw.anna.kuhn@gmx.de,Kuhn Solutions,none
Anna,Lehmann,ERP-2026-000006,2025-01-19T19:12:15Z,"Lake Avenue 60, 14283 Frankfurt, Germany",ccciw.anna.lehmann@gmx.de,Lehmann Partners,none
Anna,Lorenz,ERP-2026-000007,2025-05-21T10:00:51Z,"Main Lane 157, 46155 Munich, Germany",ccciw.anna.lorenz@gmail.com,Lorenz Group,none
Anna,Meier,ERP-2026-000008,2025-03-09T21:35:53Z,"Hill Boulevard 96, 49280 Berlin, Germany",ccciw.anna.meier@gmx.de,Meier Trading,none
Anna,Meyer,ERP-2026-000009,2026-02-11T22:50:07Z,"Main Lane 165, 43237 Hamburg, Germany",ccciw.anna.meyer@web.de,Meyer Partners,none
Anna,Schmidt,ERP-2026-000010,2026-01-30T17:06:18Z,"Hill Road 37, 30176 Stuttgart, Germany",ccciw.anna.schmidt@gmx.de,Schmidt Trading,none
Anna,Schmitz,ERP-2026-000011,2025-01-20T20:52:02Z,"Lake Avenue 164, 98227 Cologne, Germany",ccciw.anna.schmitz@web.de,Schmitz Solutions,none
Anna,Schwarz,ERP-2026-000012,2026-01-29T08:17:07Z,"Queen Avenue 38, 29594 Hamburg, Germany",ccciw.anna.schwarz@outlook.com,Schwarz Solutions,gold
Ben,Engel,ERP-2026-000013,2025-05-18T01:25:16Z,"Garden Road 151, 63876 Cologne, Germany",ccciw.ben.engel@gmail.com,Engel Retail,silver
Ben,Franke,ERP-2026-000014,2025-06-19T12:39:34Z,"River Street 50, 99449 Leipzig, Germany",ccciw.ben.franke@gmail.com,Franke Partners,none
Ben,Kruger,ERP-2026-000015,2025-04-30T07:08:28Z,"Garden Road 108, 21798 Dusseldorf, Germany",ccciw.ben.kruger@outlook.com,Kruger Partners,none
Ben,Kuhn,ERP-2026-000016,2025-04-05T11:55:56Z,"Queen Boulevard 51, 67521 Munich, Germany",ccciw.ben.kuhn@outlook.com,Kuhn Solutions,none
Ben,Lange,ERP-2026-000017,2025-11-28T02:13:00Z,"Queen Avenue 139, 87310 Leipzig, Germany",ccciw.ben.lange@gmail.com,Lange Solutions,none
Ben,Neumann,ERP-2026-000018,2025-06-24T18:12:33Z,"Maple Lane 72, 35244 Leipzig, Germany",ccciw.ben.neumann@gmail.com,Neumann Trading,silver
Ben,Schmidt,ERP-2026-000019,2025-07-04T16:04:03Z,"Main Road 135, 16462 Dusseldorf, Germany",ccciw.ben.schmidt@gmx.de,Schmidt Partners,none
Ben,Vogel,ERP-2026-000020,2025-02-16T04:26:10Z,"Garden Avenue 110, 88392 Hamburg, Germany",ccciw.ben.vogel@web.de,Vogel Group,none
Ben,Weber,ERP-2026-000021,2026-03-15T09:52:33Z,"Park Avenue 171, 56013 Leipzig, Germany",ccciw.ben.weber@t-online.de,Weber Retail,none
Ben,Werner,ERP-2026-000022,2025-03-22T02:18:57Z,"Garden Lane 171, 32289 Cologne, Germany",ccciw.ben.werner@gmx.de,Werner Trading,gold
Ben,Winter,ERP-2026-000023,2025-02-23T19:56:29Z,"Cedar Street 129, 60858 Munich, Germany",ccciw.ben.winter@web.de,Winter Trading,none
Bram,Bakker,ERP-2026-000024,2024-12-17T19:10:39Z,"Cedar Boulevard 104, 86494 The Hague, Netherlands",ccciw.bram.bakker@t-online.de,Bakker Group,gold
Bram,deJong,ERP-2026-000025,2025-07-02T23:03:01Z,"Cedar Road 30, 61836 The Hague, Netherlands",ccciw.bram.dejong@gmx.de,deJong Retail,none
Camille,Robert,ERP-2026-000026,2025-06-11T23:20:27Z,"Maple Lane 165, 33241 Marseille, France",ccciw.camille.robert@gmail.com,Robert Solutions,silver
Chloe,Moreau,ERP-2026-000027,2025-03-08T20:01:32Z,"Garden Street 62, 12567 Lyon, France",ccciw.chloe.moreau@gmx.de,Moreau Group,silver
Chloe,Simon,ERP-2026-000028,2025-05-07T08:09:23Z,"Hill Boulevard 170, 11086 Lyon, France",ccciw.chloe.simon@web.de,Simon Group,silver
Clara,Hartmann,ERP-2026-000029,2025-04-11T14:32:52Z,"Queen Road 118, 37421 Hamburg, Germany",ccciw.clara.hartmann@yahoo.com,Hartmann Retail,none
Clara,Hoffmann,ERP-2026-000030,2026-02-15T13:30:22Z,"Lake Lane 135, 39656 Frankfurt, Germany",ccciw.clara.hoffmann@web.de,Hoffmann Solutions,silver
Clar,Klein,ERP-2026-000031,2025-07-20T10:16:03Z,"Oak Road 149, 64413 Cologne, Germany",ccciw.clara.klein@t-online.de,Klein Group,silver
Clara,Koch,ERP-2026-000032,2025-04-15T07:58:14Z,"Market Lane 87, 27733 Stuttgart, Germany",ccciw.clara.koch@gmail.com,Koch Partners,silver
Clara,Lange,ERP-2026-000033,2025-12-03T07:58:47Z,"Market Lane 140, 87655 Cologne, Germany",ccciw.clara.lange@gmail.com,Lange Group,silver
Clara,Lorenz,ERP-2026-000034,2025-07-11T08:27:06Z,"River Avenue 157, 97754 Hamburg, Germany",ccciw.clara.lorenz@web.de,Lorenz Solutions,none
Clara,Meier,ERP-2026-000035,2025-10-18T04:46:40Z,"Hill Street 40, 31261 Munich, Germany",ccciw.clara.meier@gmail.com,Meier Retail,none
Clara,Vogel,ERP-2026-000036,2025-02-25T12:48:40Z,"Main Avenue 1, 94160 Berlin, Germany",ccciw.clara.vogel@outlook.com,Vogel Solutions,none
Daan,Mulder,ERP-2026-000037,2025-05-11T18:36:04Z,"Hill Street 19, 84607 Amsterdam, Netherlands",ccciw.daan.mulder@web.de,Mulder Solutions,silver
David,Huber,ERP-2026-000038,2024-12-28T01:52:15Z,"Hill Road 47, 59141 Leipzig, Germany",ccciw.david.huber@t-online.de,Huber Solutions,silver
David,Koch,ERP-2026-000039,2025-04-03T04:17:36Z,"Oak Street 175, 12903 Cologne, Germany",ccciw.david.koch@gmail.com,Koch Group,silver
David,Krause,ERP-2026-000040,2025-03-19T05:57:31Z,"Main Avenue 118, 84663 Munich, Germany",ccciw.david.krause@gmail.com,Krause Trading,none
David,Kruger,ERP-2026-000041,2025-03-03T10:08:38Z,"Cedar Street 177, 36449 Cologne, Germany",ccciw.david.kruger@gmx.de,Kruger Retail,none
David,Kuhn,ERP-2026-000042,2025-03-05T21:37:40Z,"Cedar Avenue 166, 11379 Hamburg, Germany",ccciw.david.kuhn@yahoo.com,Kuhn Retail,none
David,Lang,ERP-2026-000043,2025-12-24T23:02:32Z,"Garden Road 6, 50653 Stuttgart, Germany",ccciw.david.lang@gmail.com,Lang Group,none
David,Lehmann,ERP-2026-000044,2025-04-16T13:45:44Z,"Cedar Avenue 47, 46281 Hamburg, Germany",ccciw.david.lehmann@web.de,Lehmann Solutions,none
David,Muller,ERP-2026-000045,2025-09-21T10:26:17Z,"Garden Avenue 40, 17373 Hamburg, Germany",ccciw.david.muller@outlook.com,Muller Retail,none
David,Richter,ERP-2026-000046,2025-06-06T07:09:36Z,"Park Lane 151, 77258 Berlin, Germany",ccciw.david.richter@t-online.de,Richter Partners,none
David,Werner,ERP-2026-000047,2025-03-10T07:17:33Z,"Maple Boulevard 82, 16096 Leipzig, Germany",ccciw.david.werner@web.de,Werner Solutions,gold
Diego,Ruiz,ERP-2026-000048,2026-01-22T04:04:18Z,"Hill Avenue 160, 64164 Madrid, Spain",ccciw.diego.ruiz@outlook.com,Ruiz Solutions,silver
Elena,Keller,ERP-2026-000049,2026-03-08T19:38:05Z,"Maple Road 90, 66206 Bern, Switzerland",ccciw.elena.keller@gmx.de,Keller Trading,gold
Elena,Martin,ERP-2026-000050,2025-04-23T18:33:12Z,"King Lane 49, 36399 Bilbao, Spain",ccciw.elena.martin@gmx.de,Martin Retail,none
Elena,Perez,ERP-2026-000051,2025-12-18T15:09:55Z,"King Avenue 68, 89453 Bilbao, Spain",ccciw.elena.perez@web.de,Perez Retail,none
Emily,Roberts,ERP-2026-000052,2025-04-24T19:37:22Z,"Hill Lane 176, 12780 Birmingham, United Kingdom",ccciw.emily.roberts@outlook.com,Roberts Solutions,silver
Emily,Smith,ERP-2026-000053,2025-01-27T12:19:28Z,"River Avenue 141, 36040 Leeds, United Kingdom",ccciw.emily.smith@outlook.com,Smith Trading,gold
Emily,Thomas,ERP-2026-000054,2025-03-07T22:42:09Z,"River Lane 180, 22932 London, United Kingdom",ccciw.emily.thomas@web.de,Thomas Solutions,gold
Emma,Hartmann,ERP-2026-000055,2025-03-14T00:36:30Z,"King Avenue 36, 92937 Dusseldorf, Germany",ccciw.emma.hartmann@outlook.com,Hartmann Retail,silver
Emma,Kaiser,ERP-2026-000056,2025-04-06T03:12:38Z,"River Avenue 19, 37599 Hamburg, Germany",ccciw.emma.kaiser@gmx.de,Kaiser Solutions,none
Emma,Lang,ERP-2026-000057,2025-04-30T20:19:32Z,"Maple Road 121, 91260 Dusseldorf, Germany",ccciw.emma.lang@t-online.de,Lang Retail,none
Emma,Meyer,ERP-2026-000058,2025-05-19T12:03:37Z,"Park Boulevard 178, 47473 Hamburg, Germany",ccciw.emma.meyer@gmail.com,Meyer Group,none
Emma,Neumann,ERP-2026-000059,2025-06-02T09:44:12Z,"Main Street 118, 27172 Cologne, Germany",ccciw.emma.neumann@t-online.de,Neumann Partners,gold
Emma,Winter,ERP-2026-000060,2025-03-30T15:41:57Z,"Main Road 144, 35927 Leipzig, Germany",ccciw.emma.winter@gmx.de,Winter Retail,gold
Erik,Engel,ERP-2026-000061,2025-10-25T19:33:02Z,"Hill Boulevard 138, 20503 Leipzig, Germany",ccciw.erik.engel@yahoo.com,Engel Partners,none
Erik,Hartmann,ERP-2026-000062,2026-02-19T08:21:36Z,"Main Road 118, 23809 Munich, Germany",ccciw.erik.hartmann@gmail.com,Hartmann Group,gold
Erik,Hoffmann,ERP-2026-000063,2025-03-01T18:52:33Z,"Queen Street 119, 85141 Hamburg, Germany",ccciw.erik.hoffmann@web.de,Hoffmann Group,none
Erik,Kaiser,ERP-2026-000064,2025-01-03T03:19:57Z,"Garden Boulevard 163, 12288 Munich, Germany",ccciw.erik.kaiser@web.de,Kaiser Solutions,none
Erik,Kuhn,ERP-2026-000065,2025-02-18T02:50:39Z,"Cedar Avenue 91, 55070 Leipzig, Germany",ccciw.erik.kuhn@yahoo.com,Kuhn Group,gold
Erik,Lorenz,ERP-2026-000066,2025-05-09T07:38:08Z,"Park Street 31, 32970 Berlin, Germany",ccciw.erik.lorenz@outlook.com,Lorenz Partners,none
Erik,Moller,ERP-2026-000067,2025-07-09T00:07:50Z,"Hill Road 73, 64830 Hamburg, Germany",ccciw.erik.moller@gmx.de,Moller Trading,none
Erik,Schneider,ERP-2026-000068,2026-01-05T06:59:44Z,"Cedar Lane 174, 75666 Berlin, Germany",ccciw.erik.schneider@outlook.com,Schneider Group,silver
Erik,Schwarz,ERP-2026-000069,2025-10-04T20:31:29Z,"Garden Street 71, 60970 Leipzig, Germany",ccciw.erik.schwarz@gmail.com,Schwarz Partners,gold
Erik,Wagner,ERP-2026-000070,2025-01-19T03:32:11Z,"Maple Lane 126, 15547 Berlin, Germany",ccciw.erik.wagner@gmail.com,Wagner Trading,none
Felix,Becker,ERP-2026-000071,2026-02-04T01:07:39Z,"Maple Street 51, 93684 Leipzig, Germany",ccciw.felix.becker@web.de,Becker Partners,none
Felix,Hartmann,ERP-2026-000072,2025-06-03T12:10:58Z,"Cedar Boulevard 166, 73890 Hamburg, Germany",ccciw.felix.hartmann@yahoo.com,Hartmann Group,none
Felix,Kaiser,ERP-2026-000073,2025-04-22T22:59:06Z,"Main Lane 20, 35156 Leipzig, Germany",ccciw.felix.kaiser@web.de,Kaiser Partners,none
Felix,Klein,ERP-2026-000074,2025-05-07T20:58:51Z,"Garden Lane 20, 51689 Dusseldorf, Germany",ccciw.felix.klein@gmx.de,Klein Partners,none
Felix,Lange,ERP-2026-000075,2026-03-25T10:00:47Z,"Market Road 65, 61213 Munich, Germany",ccciw.felix.lange@web.de,Lange Solutions,none
Felix,Moller,ERP-2026-000076,2025-02-03T15:16:15Z,"Maple Avenue 31, 92411 Munich, Germany",ccciw.felix.moller@outlook.com,Moller Group,none
Felix,Schmidt,ERP-2026-000077,2025-10-06T12:55:30Z,"Lake Lane 140, 50141 Hamburg, Germany",ccciw.felix.schmidt@web.de,Schmidt Solutions,silver
Felix,Winte,ERP-2026-000078,2025-02-12T16:16:13Z,"Lake Road 50, 22117 Munich, Germany",ccciw.felix.winter@gmail.com,Winte Solutions,none
Finn,Klein,ERP-2026-000079,2026-01-22T01:52:47Z,"Maple Street 55, 32019 Cologne, Germany",ccciw.finn.klein@yahoo.com,Klein Solutions,none
Finn,Koch,ERP-2026-000080,2025-06-13T17:15:41Z,"Maple Boulevard 21, 61747 Dusseldorf, Germany",ccciw.finn.koch@outlook.com,Koch Trading,none
Finn,Krause,ERP-2026-000081,2025-04-25T11:38:37Z,"Oak Street 115, 43987 Stuttgart, Germany",ccciw.finn.krause@web.de,Krause Trading,silver
Finn,Schneider,ERP-2026-000082,2025-04-27T07:28:29Z,"Queen Lane 82, 85680 Hamburg, Germany",ccciw.finn.schneider@gmail.com,Schneider Solutions,silver
Finn,Schrode,ERP-2026-000083,2026-01-26T07:32:30Z,"Park Road 50, 35942 Leipzig, Germany",ccciw.finn.schroder@web.de,Schrode Trading,gold
Finn,Schwarz,ERP-2026-000084,2025-04-15T04:01:44Z,"Oak Road 14, 88010 Dusseldorf, Germany",ccciw.finn.schwarz@gmx.de,Schwarz Retail,none
Finn,Vogel,ERP-2026-000085,2025-09-01T08:37:29Z,"River Lane 15, 34977 Frankfurt, Germany",ccciw.finn.vogel@web.de,Vogel Solutions,silver
Finn,Winter,ERP-2026-000086,2025-03-20T16:30:05Z,"King Avenue 2, 79164 Dusseldorf, Germany",ccciw.finn.winter@outlook.com,Winter Retail,none
Fleur,Bakker,ERP-2026-000087,2025-03-14T22:19:31Z,"Cedar Road 34, 77018 Utrecht, Netherlands",ccciw.fleur.bakker@gmx.de,Bakker Group,none
George,Davies,ERP-2026-000088,2025-04-18T04:26:52Z,"Lake Lane 178, 54220 Bristol, United Kingdom",ccciw.george.davies@web.de,Davies Solutions,none
Grace,Smith,ERP-2026-000089,2025-04-11T17:22:29Z,"Queen Lane 44, 88808 Leeds, United Kingdom",ccciw.grace.smith@outlook.com,Smith Partners,silver
Grace,Taylor,ERP-2026-000090,2025-02-07T21:28:29Z,"Main Avenue 61, 54524 Leeds, United Kingdom",ccciw.grace.taylor@t-online.de,Taylor Retail,gold
Grace,Wilson,ERP-2026-000091,2024-12-22T17:34:19Z,"Oak Boulevard 16, 60822 Birmingham, United Kingdom",ccciw.grace.wilson@t-online.de,Wilson Trading,none
Hannah,Lehmann,ERP-2026-000092,2025-08-02T21:42:56Z,"Maple Lane 26, 65614 Frankfurt, Germany",ccciw.hannah.lehmann@t-online.de,Lehmann Solutions,none
Hannah,Leitner,ERP-2026-000093,2025-02-12T00:54:16Z,"Cedar Street 45, 14580 Graz, Austria",ccciw.hannah.leitner@gmail.com,Leitner Trading,none
Hannah,Lorenz,ERP-2026-000094,2025-10-21T00:05:49Z,"Lake Lane 19, 35984 Berlin, Germany",ccciw.hannah.lorenz@outlook.com,Lorenz Retail,silver
Hannah,Moser,ERP-2026-000095,2025-05-12T07:59:57Z,"Oak Boulevard 79, 23049 Salzburg, Austria",ccciw.hannah.moser@web.de,Moser Group,none
Hannah,Pichler,ERP-2026-000096,2026-02-24T23:23:19Z,"Queen Road 57, 87417 Innsbruck, Austria",ccciw.hannah.pichler@t-online.de,Pichler Retail,none
Hannah,Schroder,ERP-2026-000097,2026-03-21T23:14:51Z,"Hill Street 83, 91543 Berlin, Germany",ccciw.hannah.schroder@outlook.com,Schroder Trading,silver
Hannah,Vogel,ERP-2026-000098,2025-11-30T21:17:36Z,"King Street 106, 64300 Hamburg, Germany",ccciw.hannah.vogel@gmail.com,Vogel Trading,none
Hannah,Wolf,ERP-2026-000099,2025-05-06T23:50:58Z,"Park Street 27, 60780 Munich, Germany",ccciw.hannah.wolf@gmx.de,Wolf Partners,gold
Hug,Bernard,ERP-2026-000100,2025-10-12T23:57:28Z,"Cedar Avenue 136, 35872 Marseille, France",ccciw.hugo.bernard@gmail.com,Bernard Solutions,silver
Jac,Williams,ERP-2026-000101,2025-04-23T07:28:44Z,"Queen Street 66, 68621 Birmingham, United Kingdom",ccciw.jack.williams@outlook.com,Williams Retail,none
Jakob,Fuchs,ERP-2026-000102,2025-03-03T16:25:08Z,"King Lane 84, 57115 Salzburg, Austria",ccciw.jakob.fuchs@outlook.com,Fuchs Partners,none
Jakob,Huber,ERP-2026-000103,2025-05-19T10:25:44Z,"King Boulevard 139, 32878 Linz, Austria",ccciw.jakob.huber@gmail.com,Huber Trading,gold
Jan,Bachmann,ERP-2026-000104,2026-01-21T01:35:07Z,"Cedar Lane 60, 24920 Zurich, Switzerland",ccciw.jan.bachmann@gmail.com,Bachmann Retail,silver
Janx,Becker,ERP-2026-000105,2025-05-01T01:58:05Z,"Hill Street 84, 61043 Dusseldorf, Germany",ccciw.jan.becker@web.de,Becker Group,none
Jan,Braun,ERP-2026-000106,2026-01-02T07:00:10Z,"King Street 164, 77054 Berlin, Germany",ccciw.jan.braun@gmail.com,Braun Partners,none
Jan,Franke,ERP-2026-000107,2025-10-19T14:59:54Z,"Lake Avenue 74, 78444 Cologne, Germany",ccciw.jan.franke@gmail.com,Franke Group,silver
Jan,Kaisern,ERP-2026-000108,2025-03-26T19:48:51Z,"Cedar Avenue 121, 35137 Frankfurt, Germany",ccciw.jan.kaiser@web.de,Kaisern Group,silver
Jan,Klein,ERP-2026-000109,2025-04-27T00:02:29Z,"Cedar Avenue 45, 91133 Dusseldorf, Germany",ccciw.jan.klein@outlook.com,Klein Solutions,silver
Jan,Lehmann,ERP-2026-000110,2025-06-29T20:04:45Z,"Cedar Avenue 115, 67912 Hamburg, Germany",ccciw.jan.lehmann@gmail.com,Lehmann Partners,none
Jan,Weber,ERP-2026-000111,2025-03-29T17:12:03Z,"Market Avenue 98, 98771 Hamburg, Germany",ccciw.jan.weber@gmail.com,Weber Group,none
Jan,Winter,ERP-2026-000112,2025-03-16T10:30:13Z,"Park Lane 93, 93668 Stuttgart, Germany",ccciw.jan.winter@web.de,Winter Retail,none
Jana,Braun,ERP-2026-000113,2025-05-21T00:58:20Z,"Park Boulevard 70, 50546 Leipzig, Germany",ccciw.jana.braun@web.de,Braun Retail,gold
Jana,Koch,ERP-2026-000114,2025-06-17T02:29:27Z,"Queen Avenue 7, 88009 Munich, Germany",ccciw.jana.koch@gmx.de,Koch Trading,none
Jana,Krause,ERP-2026-000115,2025-04-27T10:48:10Z,"Park Boulevard 66, 45118 Berlin, Germany",ccciw.jana.krause@web.de,Krause Trading,none
Jana,Kruger,ERP-2026-000116,2025-03-01T04:39:30Z,"Queen Lane 60, 93676 Hamburg, Germany",ccciw.jana.kruger@web.de,Kruger Trading,silver
Jana,Lang,ERP-2026-000117,2025-01-26T16:46:08Z,"Cedar Avenue 60, 41864 Hamburg, Germany",ccciw.jana.lange@web.de,Lang Partners,none
Jana,Meier,ERP-2026-000118,2026-03-28T09:54:34Z,"Garden Avenue 64, 48174 Stuttgart, Germany",ccciw.jana.meier@outlook.com,Meier Solutions,none
Jan,Muller,ERP-2026-000119,2025-11-28T01:57:44Z,"Oak Avenue 144, 20202 Stuttgart, Germany",ccciw.jana.muller@web.de,Muller Retail,gold
Jana,Schneider,ERP-2026-000120,2025-04-30T18:38:44Z,"Main Lane 164, 91725 Hamburg, Germany",ccciw.jana.schneider@t-online.de,Schneider Group,silver
Jana,Schwarz,ERP-2026-000121,2025-06-09T06:44:06Z,"Park Street 91, 22727 Stuttgart, Germany",ccciw.jana.schwarz@yahoo.com,Schwarz Solutions,none
Jana,Weber,ERP-2026-000122,2025-03-17T10:53:31Z,"Hill Boulevard 56, 61938 Hamburg, Germany",ccciw.jana.weber@yahoo.com,Weber Retail,gold
Jana,Winter,ERP-2026-000123,2026-05-02T23:46:46Z,"Main Lane 151, 35846 Berlin, Germany",ccciw.jana.winter@gmx.de,Winter Group,gold
Jana,Wolf,ERP-2026-000124,2025-04-14T19:02:13Z,"Lake Street 90, 82759 Frankfurt, Germany",ccciw.jana.wolf@gmail.com,Wolf Trading,gold
Javier,Sanchez,ERP-2026-000125,2025-11-06T21:31:20Z,"King Street 173, 20020 Bilbao, Spain",ccciw.javier.sanchez@outlook.com,Sanchez Solutions,silver
Jesse,Visser,ERP-2026-000126,2025-04-09T05:45:26Z,"Market Lane 160, 18934 Utrecht, Netherlands",ccciw.jesse.visser@gmx.de,Visser Partners,none
Jonas,Kaiser,ERP-2026-000127,2025-07-21T13:57:20Z,"Cedar Lane 127, 98247 Dusseldorf, Germany",ccciw.jonas.kaiser@t-online.de,Kaiser Retail,none
Jonas,Klein,ERP-2026-000128,2025-04-10T16:51:52Z,"Hill Boulevard 124, 28161 Leipzig, Germany",ccciw.jonas.klein@yahoo.com,Klein Retail,none
Jonas,Krause,ERP-2026-000129,2025-10-15T11:21:03Z,"King Lane 73, 37005 Munich, Germany",ccciw.jonas.krause@web.de,Krause Solutions,gold
Jonas,Lang,ERP-2026-000130,2025-02-06T09:18:40Z,"Main Boulevard 81, 45349 Hamburg, Germany",ccciw.jonas.lang@web.de,Lang Group,none
Jonas,Lehmann,ERP-2026-000131,2025-01-17T22:05:54Z,"River Lane 104, 77437 Hamburg, Germany",ccciw.jonas.lehmann@gmx.de,Lehmann Retail,gold
Jonas,Neumann,ERP-2026-000132,2025-05-30T23:15:24Z,"Market Avenue 49, 69064 Cologne, Germany",ccciw.jonas.neumann@outlook.com,Neumann Trading,silver
Jonas,Schmitz,ERP-2026-000133,2025-01-09T18:49:44Z,"Garden Boulevard 157, 39061 Hamburg, Germany",ccciw.jonas.schmitz@gmail.com,Schmitz Trading,gold
Jonas,Schneider,ERP-2026-000134,2025-05-08T15:30:22Z,"Garden Boulevard 16, 92501 Munich, Germany",ccciw.jonas.schneider@outlook.com,Schneider Partners,none
Jonas,Wagner,ERP-2026-000135,2025-03-08T02:19:25Z,"Hill Avenue 38, 65457 Cologne, Germany",ccciw.jonas.wagner@gmx.de,Wagner Group,silver
Jona,Winter,ERP-2026-000136,2025-06-03T04:36:42Z,"Cedar Lane 132, 42639 Munich, Germany",ccciw.jonas.winter@t-online.de,Winter Solutions,silver
Jules,Petit,ERP-2026-000137,2025-03-18T22:14:35Z,"Main Boulevard 119, 51682 Lyon, France",ccciw.jules.petit@web.de,Petit Solutions,none
Jules,Richard,ERP-2026-000138,2025-05-03T21:53:14Z,"King Road 179, 52451 Lyon, France",ccciw.jules.richard@yahoo.com,Richard Partners,none
Julia,Braun,ERP-2026-000139,2026-03-18T17:48:22Z,"River Lane 120, 90589 Hamburg, Germany",ccciw.julia.braun@outlook.com,Braun Solutions,none
Julia,Huber,ERP-2026-000140,2025-03-14T14:25:28Z,"River Avenue 32, 89655 Hamburg, Germany",ccciw.julia.huber@outlook.com,Huber Group,silver
Julia,Klein,ERP-2026-000141,2025-05-28T10:35:42Z,"Park Road 58, 33679 Munich, Germany",ccciw.julia.klein@gmx.de,Klein Group,none
Julia,Krause,ERP-2026-000142,2025-02-08T03:26:11Z,"Cedar Street 168, 82658 Frankfurt, Germany",ccciw.julia.krause@yahoo.com,Krause Solutions,none
Julia,Lehmann,ERP-2026-000143,2025-02-22T15:02:32Z,"Hill Boulevard 28, 71233 Leipzig, Germany",ccciw.julia.lehmann@web.de,Lehmann Partners,none
Julia,Moller,ERP-2026-000144,2025-01-04T04:36:59Z,"Park Avenue 37, 57232 Berlin, Germany",ccciw.julia.moller@outlook.com,Moller Partners,none
Julia,Schmidt,ERP-2026-000145,2025-01-09T08:17:29Z,"Queen Boulevard 176, 57733 Frankfurt, Germany",ccciw.julia.schmidt@yahoo.com,Schmidt Retail,none
Julia,Wagners,ERP-2026-000146,2025-11-25T16:33:12Z,"Maple Lane 102, 21700 Hamburg, Germany",ccciw.julia.wagner@web.de,Wagners Retail,none
Julia,Werner,ERP-2026-000147,2025-12-01T00:21:19Z,"Hill Boulevard 62, 98867 Leipzig, Germany",ccciw.julia.werner@gmx.de,Werner Partners,none
Katharina,Eder,ERP-2026-000148,2024-12-11T17:49:07Z,"Hill Street 147, 94532 Linz, Austria",ccciw.katharina.eder@web.de,Eder Group,none
Katharina,Gruber,ERP-2026-000149,2025-06-03T01:43:02Z,"Cedar Lane 133, 26180 Innsbruck, Austria",ccciw.katharina.gruber@t-online.de,Gruber Solutions,silver
Kathrin,Becker,ERP-2026-000150,2025-04-13T09:39:43Z,"River Boulevard 1, 83022 Munich, Germany",ccciw.kathrin.becker@t-online.de,Becker Group,none
Kathrin,Engel,ERP-2026-000151,2025-04-23T15:44:20Z,"Queen Road 47, 24664 Hamburg, Germany",ccciw.kathrin.engel@gmx.de,Engel Group,silver
Kathrin,Klein,ERP-2026-000152,2025-03-29T20:54:20Z,"Hill Boulevard 38, 95950 Stuttgart, Germany",ccciw.kathrin.klein@gmx.de,Klein Group,none
Kathrin,Koch,ERP-2026-000153,2026-02-28T10:29:14Z,"Market Boulevard 83, 17927 Leipzig, Germany",ccciw.kathrin.koch@gmx.de,Koch Solutions,silver
Kathrin,Kuhn,ERP-2026-000154,2025-03-11T12:25:19Z,"Hill Lane 19, 77210 Frankfurt, Germany",ccciw.kathrin.kuhn@web.de,Kuhn Trading,gold
Kathrin,Muller,ERP-2026-000155,2025-02-16T09:18:39Z,"King Lane 36, 13465 Berlin, Germany",ccciw.kathrin.muller@outlook.com,Muller Solutions,gold
Kathrin,Schroder,ERP-2026-000156,2025-11-20T12:21:23Z,"Hill Lane 41, 79580 Cologne, Germany",ccciw.kathrin.schroder@gmail.com,Schroder Group,silver
Kathrin,Wagner,ERP-2026-000157,2025-04-23T06:42:50Z,"Cedar Lane 81, 75166 Leipzig, Germany",ccciw.kathrin.wagner@web.de,Wagner Group,gold
Kathrin,Werner,ERP-2026-000158,2026-02-17T05:59:10Z,"Garden Street 16, 74745 Dusseldorf, Germany",ccciw.kathrin.werner@t-online.de,Werner Group,silver
Laura,Engel,ERP-2026-000159,2025-05-05T17:00:23Z,"Main Road 41, 60019 Dusseldorf, Germany",ccciw.laura.engel@outlook.com,Engel Retail,silver
Laura,Hoffman,ERP-2026-000160,2025-02-03T07:26:34Z,"Lake Road 115, 74251 Leipzig, Germany",ccciw.laura.hoffmann@web.de,Hoffman Retail,none
Laura,Huber,ERP-2026-000161,2025-01-20T01:33:44Z,"Park Lane 90, 34929 Munich, Germany",ccciw.laura.huber@web.de,Huber Partners,none
Laura,Krause,ERP-2026-000162,2026-01-30T01:34:08Z,"Hill Lane 95, 90181 Frankfurt, Germany",ccciw.laura.krause@web.de,Krause Group,silver
Lauran,Lang,ERP-2026-000163,2025-04-04T04:41:56Z,"Market Lane 73, 82035 Frankfurt, Germany",ccciw.laura.lang@yahoo.com,Lang Partners,none
Laura,Lange,ERP-2026-000164,2025-01-30T21:53:21Z,"Hill Lane 58, 34023 Stuttgart, Germany",ccciw.laura.lange@gmail.com,Lange Retail,none
Laura,Neumann,ERP-2026-000165,2025-07-30T09:15:24Z,"Park Avenue 172, 39438 Munich, Germany",ccciw.laura.neumann@t-online.de,Neumann Solutions,silver
Laura,Richter,ERP-2026-000166,2026-04-13T19:33:46Z,"Park Avenue 140, 67512 Leipzig, Germany",ccciw.laura.richter@gmail.com,Richter Partners,silver
Laura,Schmidt,ERP-2026-000167,2025-04-01T07:27:41Z,"Cedar Boulevard 28, 77868 Dusseldorf, Germany",ccciw.laura.schmidt@yahoo.com,Schmidt Trading,none
Laura,Schmitz,ERP-2026-000168,2025-01-06T02:50:20Z,"Hill Avenue 132, 30858 Cologne, Germany",ccciw.laura.schmitz@outlook.com,Schmitz Partners,none
Leay,Becker,ERP-2026-000169,2025-04-10T12:03:38Z,"Market Avenue 96, 21272 Cologne, Germany",ccciw.lea.becker@gmail.com,Becker Retail,gold
Lea,Braun,ERP-2026-000170,2025-04-10T10:15:55Z,"Cedar Road 167, 56089 Dusseldorf, Germany",ccciw.lea.braun@gmail.com,Braun Retail,gold
Lea,Durand,ERP-2026-000171,2025-01-20T03:09:34Z,"Queen Street 148, 40923 Lyon, France",ccciw.lea.durand@outlook.com,Durand Group,none
Lea,Huber,ERP-2026-000172,2025-05-06T17:27:17Z,"Market Lane 163, 28362 Cologne, Germany",ccciw.lea.huber@yahoo.com,Huber Partners,silver
Lea,Moller,ERP-2026-000173,2025-07-23T14:51:58Z,"Maple Lane 102, 97266 Stuttgart, Germany",ccciw.lea.moller@gmail.com,Moller Trading,none
Lea,Schroder,ERP-2026-000174,2025-02-19T01:18:01Z,"Hill Road 11, 55782 Dusseldorf, Germany",ccciw.lea.schroder@outlook.com,Schroder Group,silver
Lea,Wagne,ERP-2026-000175,2025-11-11T22:59:33Z,"Garden Boulevard 39, 17561 Stuttgart, Germany",ccciw.lea.wagner@gmail.com,Wagne Trading,silver
Lea,Weber,ERP-2026-000176,2026-01-11T05:57:19Z,"Main Lane 47, 87269 Dusseldorf, Germany",ccciw.lea.weber@web.de,Weber Group,silver
Lea,Winter,ERP-2026-000177,2025-12-08T12:49:24Z,"Queen Street 70, 29009 Hamburg, Germany",ccciw.lea.winter@yahoo.com,Winter Partners,none
Lena,Franke,ERP-2026-000178,2025-01-30T11:41:41Z,"King Street 66, 80616 Frankfurt, Germany",ccciw.lena.franke@gmx.de,Franke Trading,silver
Lena,Hartmann,ERP-2026-000179,2025-05-23T19:02:11Z,"River Road 54, 27851 Frankfurt, Germany",ccciw.lena.hartmann@yahoo.com,Hartmann Solutions,silver
Lona,Hoffmann,ERP-2026-000180,2025-03-24T06:44:57Z,"River Boulevard 9, 54968 Dusseldorf, Germany",ccciw.lena.hoffmann@web.de,Hoffmann Partners,none
Lena,Krause,ERP-2026-000181,2025-07-30T07:11:29Z,"Lake Lane 80, 53620 Hamburg, Germany",ccciw.lena.krause@web.de,Krause Trading,none
Lena,Kruger,ERP-2026-000182,2025-12-31T15:12:10Z,"Queen Road 151, 80966 Stuttgart, Germany",ccciw.lena.kruger@yahoo.com,Kruger Trading,none
Lena,Muller,ERP-2026-000183,2025-03-19T09:32:30Z,"Main Lane 84, 58101 Leipzig, Germany",ccciw.lena.muller@outlook.com,Muller Trading,silver
Lenas,Neumann,ERP-2026-000184,2025-06-06T06:41:46Z,"Maple Lane 107, 27430 Cologne, Germany",ccciw.lena.neumann@web.de,Neumann Solutions,silver
Lena,Schroder,ERP-2026-000185,2026-03-27T08:33:05Z,"Maple Avenue 18, 99858 Leipzig, Germany",ccciw.lena.schroder@gmail.com,Schroder Retail,gold
Lena,Vogel,ERP-2026-000186,2026-01-24T17:51:06Z,"Lake Road 75, 24105 Dusseldorf, Germany",ccciw.lena.vogel@gmx.de,Vogel Trading,none
Lena,Weber,ERP-2026-000187,2025-07-09T10:53:50Z,"Queen Avenue 144, 68967 Munich, Germany",ccciw.lena.weber@web.de,Weber Trading,silver
Leon,Becker,ERP-2026-000188,2025-01-08T08:48:43Z,"Lake Road 110, 53822 Frankfurt, Germany",ccciw.leon.becker@gmx.de,Becker Partners,none
Leon,Huber,ERP-2026-000189,2025-04-20T12:42:16Z,"Garden Road 177, 69994 Hamburg, Germany",ccciw.leon.huber@t-online.de,Huber Retail,none
Leon,Kleins,ERP-2026-000190,2025-02-13T21:39:27Z,"Hill Lane 38, 78972 Stuttgart, Germany",ccciw.leon.klein@outlook.com,Kleins Solutions,none
Leon,Kruger,ERP-2026-000191,2025-03-16T21:06:55Z,"Hill Road 50, 35011 Cologne, Germany",ccciw.leon.kruger@web.de,Kruger Solutions,silver
Leon,Lehmann,ERP-2026-000192,2025-06-16T21:25:26Z,"Hill Lane 40, 77785 Munich, Germany",ccciw.leon.lehmann@t-online.de,Lehmann Solutions,none
Leon,Lorenz,ERP-2026-000193,2024-12-20T20:41:45Z,"Lake Avenue 168, 72600 Stuttgart, Germany",ccciw.leon.lorenz@web.de,Lorenz Solutions,none
Leon,Meyer,ERP-2026-000194,2025-09-15T12:28:40Z,"Park Lane 32, 96919 Stuttgart, Germany",ccciw.leon.meyer@yahoo.com,Meyer Partners,none
Leon,Weber,ERP-2026-000195,2025-05-16T06:50:20Z,"Hill Lane 156, 12923 Hamburg, Germany",ccciw.leon.weber@outlook.com,Weber Retail,none
Lina,Keller,ERP-2026-000196,2025-01-09T00:23:04Z,"River Street 120, 15147 Geneva, Switzerland",ccciw.lina.keller@web.de,Keller Trading,none
Lisa,Franke,ERP-2026-000197,2026-01-26T23:19:11Z,"Market Street 44, 22112 Frankfurt, Germany",ccciw.lisa.franke@gmx.de,Franke Partners,gold
Lisa,Hoffmann,ERP-2026-000198,2025-07-06T00:42:32Z,"King Lane 151, 78544 Dusseldorf, Germany",ccciw.lisa.hoffmann@gmail.com,Hoffmann Partners,silver
Lisa,Muller,ERP-2026-000199,2025-04-02T17:47:06Z,"Hill Avenue 75, 70028 Stuttgart, Germany",ccciw.lisa.muller@gmail.com,Muller Group,none
Lisa,Schneider,ERP-2026-000200,2025-04-30T08:23:08Z,"Hill Lane 76, 11816 Dusseldorf, Germany",ccciw.lisa.schneider@outlook.com,Schneider Solutions,none
Lisa,Wagner,ERP-2026-000201,2025-06-06T10:40:01Z,"Garden Boulevard 76, 24554 Dusseldorf, Germany",ccciw.lisa.wagner@web.de,Wagner Trading,silver
Lotte,deBoer,ERP-2026-000202,2025-03-07T15:36:34Z,"Main Boulevard 1, 91327 Rotterdam, Netherlands",ccciw.lotte.deboer@gmx.de,deBoer Retail,none
Luca,Widmer,ERP-2026-000203,2025-09-09T08:06:31Z,"Cedar Road 133, 54939 Geneva, Switzerland",ccciw.luca.widmer@web.de,Widmer Partners,silver
Lucia,Martin,ERP-2026-000204,2025-07-28T11:36:42Z,"Queen Lane 124, 36231 Seville, Spain",ccciw.lucia.martin@outlook.com,Martin Group,none
Lucia,Ruiz,ERP-2026-000205,2025-04-06T19:33:19Z,"Lake Road 8, 28819 Bilbao, Spain",ccciw.lucia.ruiz@outlook.com,Ruiz Partners,none
Lukas,Braun,ERP-2026-000206,2025-07-03T09:33:32Z,"Cedar Road 176, 62968 Stuttgart, Germany",ccciw.lukas.braun@yahoo.com,Braun Group,none
Lukas,Hartmann,ERP-2026-000207,2025-03-29T19:37:07Z,"Queen Avenue 10, 93968 Frankfurt, Germany",ccciw.lukas.hartmann@gmail.com,Hartmann Solutions,none
Lukas,Huber,ERP-2026-000208,2025-03-06T03:57:21Z,"Maple Avenue 62, 31124 Stuttgart, Germany",ccciw.lukas.huber@outlook.com,Huber Group,silver
Lukas,Kaiser,ERP-2026-000209,2025-05-14T19:05:07Z,"Oak Street 135, 17194 Leipzig, Germany",ccciw.lukas.kaiser@outlook.com,Kaiser Solutions,none
Lukas,Lange,ERP-2026-000210,2025-04-11T08:56:57Z,"Main Avenue 119, 12747 Munich, Germany",ccciw.lukas.lange@gmx.de,Lange Partners,gold
Lukas,Moller,ERP-2026-000211,2025-02-13T22:40:58Z,"Lake Boulevard 60, 24317 Frankfurt, Germany",ccciw.lukas.moller@yahoo.com,Moller Solutions,gold
Lukas,Peters,ERP-2026-000212,2025-06-01T19:04:21Z,"Maple Lane 13, 31779 Leipzig, Germany",ccciw.lukas.peters@outlook.com,Peters Solutions,silver
Lukas,Schmitz,ERP-2026-000213,2025-05-08T00:27:08Z,"Market Lane 4, 46487 Hamburg, Germany",ccciw.lukas.schmitz@web.de,Schmitz Group,none
Lukas,Weber,ERP-2026-000214,2025-10-02T14:49:03Z,"Cedar Road 5, 34525 Munich, Germany",ccciw.lukas.weber@web.de,Weber Trading,gold
Lukas,Winter,ERP-2026-000215,2025-06-21T06:03:27Z,"Garden Avenue 109, 51328 Frankfurt, Germany",ccciw.lukas.winter@gmail.com,Winter Solutions,silver
Manon,Laurents,ERP-2026-000216,2025-04-16T10:38:23Z,"Maple Road 47, 88821 Marseille, France",ccciw.manon.laurent@web.de,Laurents Retail,none
Mara,Ammann,ERP-2026-000217,2026-01-01T07:02:16Z,"Maple Street 100, 79609 Zurich, Switzerland",ccciw.mara.ammann@gmx.de,Ammann Retail,silver
Mara,Luthi,ERP-2026-000218,2025-05-31T15:42:41Z,"Cedar Lane 97, 87117 Bern, Switzerland",ccciw.mara.luthi@gmx.de,Luthi Partners,none
Marie,Franke,ERP-2026-000219,2025-05-25T19:00:44Z,"Garden Road 102, 50966 Hamburg, Germany",ccciw.marie.franke@gmx.de,Franke Partners,none
Marie,Kaiser,ERP-2026-000220,2026-02-16T14:05:27Z,"Queen Street 90, 22820 Leipzig, Germany",ccciw.marie.kaiser@gmail.com,Kaiser Group,silver
Marie,Klein,ERP-2026-000221,2025-03-08T10:39:10Z,"Queen Boulevard 58, 13816 Leipzig, Germany",ccciw.marie.klein@web.de,Klein Partners,silver
Marie,Koch,ERP-2026-000222,2026-01-28T13:38:36Z,"Queen Avenue 25, 49965 Leipzig, Germany",ccciw.marie.koch@web.de,Koch Group,none
Marie,Kruger,ERP-2026-000223,2025-03-12T13:34:02Z,"Lake Avenue 55, 65759 Dusseldorf, Germany",ccciw.marie.kruger@outlook.com,Kruger Retail,gold
Marie,Lehmann,ERP-2026-000224,2025-09-25T18:36:24Z,"Hill Lane 138, 80618 Munich, Germany",ccciw.marie.lehmann@gmail.com,Lehmann Retail,silver
Marie,Moller,ERP-2026-000225,2025-09-12T06:17:18Z,"Oak Lane 163, 69030 Berlin, Germany",ccciw.marie.moller@gmx.de,Moller Group,silver
Marie,Schmitz,ERP-2026-000226,2025-04-16T19:50:39Z,"Lake Boulevard 129, 40232 Frankfurt, Germany",ccciw.marie.schmitz@web.de,Schmitz Partners,silver
Marie,Schwarz,ERP-2026-000227,2025-03-05T11:58:12Z,"Market Street 149, 72823 Berlin, Germany",ccciw.marie.schwarz@web.de,Schwarz Partners,gold
Marie,Wagner,ERP-2026-000228,2025-02-26T10:15:09Z,"Queen Boulevard 61, 18942 Cologne, Germany",ccciw.marie.wagner@gmx.de,Wagner Solutions,gold
Marie,Weber,ERP-2026-000229,2025-05-16T20:29:28Z,"Park Road 122, 96632 Berlin, Germany",ccciw.marie.weber@outlook.com,Weber Trading,silver
Marie,Werner,ERP-2026-000230,2026-01-29T06:35:19Z,"Market Street 152, 20118 Dusseldorf, Germany",ccciw.marie.werner@gmail.com,Werner Solutions,none
Marlene,Hartman,ERP-2026-000231,2025-01-16T07:53:36Z,"Queen Road 39, 68466 Cologne, Germany",ccciw.marlene.hartmann@gmail.com,Hartman Group,none
Marlene,Huber,ERP-2026-000232,2025-02-24T20:42:30Z,"King Avenue 138, 68973 Munich, Germany",ccciw.marlene.huber@web.de,Huber Partners,gold
Marlene,Klein,ERP-2026-000233,2025-12-05T04:32:01Z,"Market Lane 145, 30691 Dusseldorf, Germany",ccciw.marlene.klein@web.de,Klein Partners,none
Marlene,Lange,ERP-2026-000234,2025-04-10T00:16:02Z,"Lake Lane 50, 63781 Hamburg, Germany",ccciw.marlene.lange@gmail.com,Lange Partners,none
Marlene,Lehmanns,ERP-2026-000235,2025-03-10T00:10:44Z,"Queen Street 52, 34689 Stuttgart, Germany",ccciw.marlene.lehmann@gmx.de,Lehmanns Trading,gold
Marlene,Meier,ERP-2026-000236,2025-03-23T01:59:47Z,"King Boulevard 5, 96188 Berlin, Germany",ccciw.marlene.meier@gmx.de,Meier Solutions,gold
Marlene,Muller,ERP-2026-000237,2025-01-29T13:02:32Z,"River Boulevard 144, 43920 Cologne, Germany",ccciw.marlene.muller@gmx.de,Muller Partners,none
Max,Braun,ERP-2026-000238,2026-02-27T19:37:13Z,"Cedar Boulevard 108, 19059 Frankfurt, Germany",ccciw.max.braun@web.de,Braun Solutions,gold
Max,Krause,ERP-2026-000239,2025-02-05T21:59:29Z,"Park Road 89, 20137 Leipzig, Germany",ccciw.max.krause@outlook.com,Krause Retail,gold
Max,Kruger,ERP-2026-000240,2025-03-03T14:38:13Z,"Cedar Avenue 22, 97040 Berlin, Germany",ccciw.max.kruger@gmail.com,Kruger Group,gold
Max,Lehmann,ERP-2026-000241,2025-05-21T21:25:21Z,"Maple Lane 63, 40085 Stuttgart, Germany",ccciw.max.lehmann@gmx.de,Lehmann Solutions,none
Max,Neumann,ERP-2026-000242,2025-03-17T20:35:18Z,"Main Avenue 7, 45023 Leipzig, Germany",ccciw.max.neumann@gmx.de,Neumann Trading,silver
Max,Schmidt,ERP-2026-000243,2025-02-19T23:12:56Z,"Oak Lane 137, 32666 Berlin, Germany",ccciw.max.schmidt@outlook.com,Schmidt Solutions,gold
Max,Schmitz,ERP-2026-000244,2025-08-21T10:58:38Z,"Oak Road 170, 63381 Hamburg, Germany",ccciw.max.schmitz@yahoo.com,Schmitz Partners,none
Max,Schroder,ERP-2026-000245,2025-08-11T11:40:06Z,"Garden Lane 73, 14404 Frankfurt, Germany",ccciw.max.schroder@outlook.com,Schroder Retail,silver
Max,Vogel,ERP-2026-000246,2025-12-14T09:45:23Z,"Park Avenue 103, 21547 Cologne, Germany",ccciw.max.vogel@outlook.com,Vogel Partners,silver
Max,Wagne,ERP-2026-000247,2025-02-10T09:04:00Z,"Park Street 128, 15571 Frankfurt, Germany",ccciw.max.wagner@gmail.com,Wagne Trading,none
Max,Winter,ERP-2026-000248,2025-11-22T05:08:11Z,"Hill Boulevard 142, 59245 Cologne, Germany",ccciw.max.winter@outlook.com,Winter Retail,silver
Melina,Franke,ERP-2026-000249,2026-01-05T09:45:57Z,"River Lane 110, 19932 Cologne, Germany",ccciw.melina.franke@outlook.com,Franke Retail,none
Melina,Hartmann,ERP-2026-000250,2025-06-15T00:36:02Z,"Park Street 133, 87652 Munich, Germany",ccciw.melina.hartmann@outlook.com,Hartmann Partners,silver
Melina,Kaiser,ERP-2026-000251,2025-03-20T09:09:32Z,"King Boulevard 28, 63974 Berlin, Germany",ccciw.melina.kaiser@web.de,Kaiser Retail,none
Melina,Krause,ERP-2026-000252,2025-04-22T00:35:31Z,"King Road 165, 62939 Berlin, Germany",ccciw.melina.krause@outlook.com,Krause Solutions,gold
Melina,Kruger,ERP-2026-000253,2025-05-07T18:03:50Z,"Park Boulevard 24, 93470 Leipzig, Germany",ccciw.melina.kruger@gmx.de,Kruger Solutions,silver
Melina,Muller,ERP-2026-000254,2026-02-08T07:50:31Z,"Hill Boulevard 104, 39043 Hamburg, Germany",ccciw.melina.muller@gmail.com,Muller Group,silver
Melina,Schroder,ERP-2026-000255,2025-01-16T05:15:37Z,"Park Street 58, 32096 Frankfurt, Germany",ccciw.melina.schroder@gmail.com,Schroder Partners,silver
Melina,Schwar,ERP-2026-000256,2026-03-06T13:12:30Z,"Maple Road 29, 97711 Munich, Germany",ccciw.melina.schwarz@outlook.com,Schwar Solutions,none
Melina,Werner,ERP-2026-000257,2025-04-19T02:00:04Z,"Lake Street 15, 11379 Dusseldorf, Germany",ccciw.melina.werner@outlook.com,Werner Partners,none
Mia,Klein,ERP-2026-000258,2025-02-05T04:38:13Z,"Cedar Street 133, 69897 Leipzig, Germany",ccciw.mia.klein@web.de,Klein Retail,silver
Mia,Kruger,ERP-2026-000259,2025-04-06T16:15:57Z,"Oak Avenue 163, 27507 Frankfurt, Germany",ccciw.mia.kruger@gmail.com,Kruger Partners,silver
Mia,Kuhn,ERP-2026-000260,2025-04-16T15:28:58Z,"Garden Boulevard 20, 51053 Frankfurt, Germany",ccciw.mia.kuhn@web.de,Kuhn Group,silver
Mia,Schmitz,ERP-2026-000261,2025-04-16T05:49:42Z,"Maple Boulevard 24, 14207 Hamburg, Germany",ccciw.mia.schmitz@outlook.com,Schmitz Solutions,silver
Mia,Schneider,ERP-2026-000262,2025-11-05T20:42:14Z,"Maple Boulevard 104, 86952 Munich, Germany",ccciw.mia.schneider@web.de,Schneider Solutions,silver
Mia,Vogel,ERP-2026-000263,2025-07-15T05:17:46Z,"Maple Boulevard 23, 96270 Stuttgart, Germany",ccciw.mia.vogel@outlook.com,Vogel Group,none
Moritz,Lorenz,ERP-2026-000264,2025-01-19T02:27:34Z,"Cedar Boulevard 83, 15729 Cologne, Germany",ccciw.moritz.lorenz@outlook.com,Lorenz Retail,none
Moritz,Neumann,ERP-2026-000265,2025-01-07T10:18:46Z,"Garden Street 122, 59560 Munich, Germany",ccciw.moritz.neumann@web.de,Neumann Partners,none
Moritz,Schmidt,ERP-2026-000266,2025-06-21T00:43:08Z,"Cedar Road 135, 65402 Dusseldorf, Germany",ccciw.moritz.schmidt@outlook.com,Schmidt Group,gold
Moritz,Vogel,ERP-2026-000267,2025-05-20T20:29:31Z,"Hill Road 19, 72830 Frankfurt, Germany",ccciw.moritz.vogel@gmail.com,Vogel Retail,none
Moritz,Winter,ERP-2026-000268,2025-05-08T03:57:06Z,"Park Road 129, 40195 Berlin, Germany",ccciw.moritz.winter@outlook.com,Winter Retail,silver
Moritz,Wolf,ERP-2026-000269,2025-02-15T08:50:50Z,"Cedar Street 152, 56324 Frankfurt, Germany",ccciw.moritz.wolf@gmx.de,Wolf Trading,silver
Nadine,Eder,ERP-2026-000270,2025-04-25T01:36:51Z,"Park Street 64, 49486 Innsbruck, Austria",ccciw.nadine.eder@gmail.com,Eder Partners,silver
Nadine,Gruber,ERP-2026-000271,2025-03-31T02:08:23Z,"Main Road 161, 90872 Salzburg, Austria",ccciw.nadine.gruber@outlook.com,Gruber Partners,gold
Nadine,Moser,ERP-2026-000272,2026-03-03T08:38:04Z,"Oak Lane 114, 22370 Vienna, Austria",ccciw.nadine.moser@gmail.com,Moser Solutions,none
Nadine,Pichler,ERP-2026-000273,2025-09-05T13:17:00Z,"King Road 169, 88879 Salzburg, Austria",ccciw.nadine.pichler@web.de,Pichler Trading,silver
Niklas,Becker,ERP-2026-000274,2025-12-15T15:53:36Z,"Lake Street 132, 88925 Dusseldorf, Germany",ccciw.niklas.becker@web.de,Becker Group,gold
Niklas,Huber,ERP-2026-000275,2026-01-17T22:55:24Z,"Lake Street 130, 44422 Dusseldorf, Germany",ccciw.niklas.huber@web.de,Huber Partners,none
Niklas,Koch,ERP-2026-000276,2025-06-18T12:08:27Z,"Lake Road 56, 55974 Dusseldorf, Germany",ccciw.niklas.koch@gmail.com,Koch Solutions,silver
Niklas,Kuhn,ERP-2026-000277,2025-05-13T21:49:32Z,"Oak Boulevard 57, 71141 Munich, Germany",ccciw.niklas.kuhn@gmail.com,Kuhn Partners,none
Niklas,Lang,ERP-2026-000278,2025-05-23T17:49:20Z,"Lake Avenue 55, 41456 Cologne, Germany",ccciw.niklas.lang@t-online.de,Lang Partners,none
Niklas,Lehmann,ERP-2026-000279,2025-05-24T01:15:09Z,"Queen Avenue 25, 78560 Frankfurt, Germany",ccciw.niklas.lehmann@web.de,Lehmann Group,none
Niklas,Lorenz,ERP-2026-000280,2025-02-11T10:14:54Z,"Market Road 59, 67894 Dusseldorf, Germany",ccciw.niklas.lorenz@yahoo.com,Lorenz Trading,none
Niklas,Meier,ERP-2026-000281,2025-03-11T23:47:36Z,"Garden Road 26, 88890 Stuttgart, Germany",ccciw.niklas.meier@gmail.com,Meier Trading,silver
Niklas,Neumann,ERP-2026-000282,2025-03-16T20:55:44Z,"Hill Road 30, 55424 Frankfurt, Germany",ccciw.niklas.neumann@web.de,Neumann Retail,none
Niklas,Peters,ERP-2026-000283,2025-06-20T17:50:01Z,"Hill Street 158, 45995 Frankfurt, Germany",ccciw.niklas.peters@yahoo.com,Peters Partners,none
Niklas,Schroder,ERP-2026-000284,2026-01-21T14:29:37Z,"Hill Avenue 145, 67114 Stuttgart, Germany",ccciw.niklas.schroder@gmx.de,Schroder Group,none
Niklas,Weber,ERP-2026-000285,2025-01-01T17:03:10Z,"Main Street 162, 95330 Berlin, Germany",ccciw.niklas.weber@gmx.de,Weber Retail,gold
Niklas,Winter,ERP-2026-000286,2025-12-11T13:46:21Z,"Queen Street 3, 16318 Cologne, Germany",ccciw.niklas.winter@web.de,Winter Trading,gold
Nina,Ammann,ERP-2026-000287,2026-03-01T02:46:26Z,"Garden Street 42, 38931 Basel, Switzerland",ccciw.nina.ammann@gmail.com,Ammann Solutions,none
Nina,Brunner,ERP-2026-000288,2025-03-02T17:03:36Z,"King Road 77, 18261 Lausanne, Switzerland",ccciw.nina.brunner@gmail.com,Brunner Group,none
Nina,Keller,ERP-2026-000289,2025-07-12T15:53:09Z,"River Boulevard 27, 62322 Geneva, Switzerland",ccciw.nina.keller@gmail.com,Keller Partners,none
Nina,Koch,ERP-2026-000290,2026-02-13T06:40:02Z,"River Lane 133, 78656 Hamburg, Germany",ccciw.nina.koch@web.de,Koch Partners,none
Nina,Lange,ERP-2026-000291,2025-04-26T15:54:38Z,"River Street 163, 71928 Cologne, Germany",ccciw.nina.lange@yahoo.com,Lange Group,none
Ninas,Peters,ERP-2026-000292,2025-01-29T01:24:51Z,"River Boulevard 101, 81612 Leipzig, Germany",ccciw.nina.peters@web.de,Peters Retail,none
Ninan,Richter,ERP-2026-000293,2025-02-08T12:36:36Z,"Main Road 93, 43438 Leipzig, Germany",ccciw.nina.richter@gmail.com,Richter Partners,none
Nina,Zurbuchen,ERP-2026-000294,2025-04-12T02:48:11Z,"Queen Road 135, 99807 Geneva, Switzerland",ccciw.nina.zurbuchen@gmail.com,Zurbuchen Group,none
Noa,Bos,ERP-2026-000295,2026-01-30T19:03:04Z,"Hill Street 165, 64855 Eindhoven, Netherlands",ccciw.noa.bos@yahoo.com,Bos Group,silver
Noa,deBoer,ERP-2026-000296,2025-01-19T06:17:48Z,"Market Avenue 106, 67636 Eindhoven, Netherlands",ccciw.noa.deboer@gmx.de,deBoer Group,silver
Noa,deVries,ERP-2026-000297,2025-03-29T23:50:46Z,"Maple Road 50, 82409 Eindhoven, Netherlands",ccciw.noa.devries@t-online.de,deVries Group,none
Noa,Jansen,ERP-2026-000298,2025-05-22T20:14:32Z,"River Boulevard 114, 65844 Utrecht, Netherlands",ccciw.noa.jansen@outlook.com,Jansen Partners,none
Noah,Becker,ERP-2026-000299,2025-10-08T08:27:09Z,"Park Boulevard 4, 19421 Leipzig, Germany",ccciw.noah.becker@gmail.com,Becker Trading,none
Noah,Franke,ERP-2026-000300,2025-06-24T02:56:24Z,"Hill Street 126, 60645 Hamburg, Germany",ccciw.noah.franke@outlook.com,Franke Solutions,none
Noah,Hartmann,ERP-2026-000301,2025-02-21T14:42:53Z,"Park Road 134, 48881 Leipzig, Germany",ccciw.noah.hartmann@web.de,Hartmann Solutions,silver
Noah,Klein,ERP-2026-000302,2025-01-27T19:27:11Z,"Hill Avenue 82, 23836 Berlin, Germany",ccciw.noah.klein@gmail.com,Klein Trading,none
Noah,Kuhn,ERP-2026-000303,2025-02-26T10:33:33Z,"Park Lane 170, 27616 Munich, Germany",ccciw.noah.kuhn@web.de,Kuhn Partners,none
Noah,Lang,ERP-2026-000304,2025-12-08T00:19:30Z,"Market Boulevard 2, 16950 Frankfurt, Germany",ccciw.noah.lang@yahoo.com,Lang Solutions,none
Noah,Meier,ERP-2026-000305,2025-08-02T07:56:17Z,"Cedar Boulevard 13, 24401 Munich, Germany",ccciw.noah.meier@gmx.de,Meier Trading,none
Noah,Richter,ERP-2026-000306,2025-03-26T22:38:48Z,"Garden Lane 91, 50049 Leipzig, Germany",ccciw.noah.richter@web.de,Richter Group,silver
Noah,Taylor,ERP-2026-000307,2025-10-15T18:54:04Z,"Garden Lane 4, 85998 Birmingham, United Kingdom",ccciw.noah.taylor@gmx.de,Taylor Group,none
Noah,Vogel,ERP-2026-000308,2025-10-29T01:04:04Z,"Cedar Lane 131, 25040 Stuttgart, Germany",ccciw.noah.vogel@outlook.com,Vogel Trading,none
Noah,Wagner,ERP-2026-000309,2025-05-11T01:44:37Z,"Oak Street 78, 90286 Munich, Germany",ccciw.noah.wagner@gmail.com,Wagner Solutions,silver
Noah,Wolf,ERP-2026-000310,2026-01-30T20:05:49Z,"Oak Street 160, 97388 Dusseldorf, Germany",ccciw.noah.wolf@gmail.com,Wolf Partners,none
Nora,Bieri,ERP-2026-000311,2024-12-19T17:02:18Z,"Oak Road 132, 88705 Lausanne, Switzerland",ccciw.nora.bieri@gmx.de,Bieri Group,silver
Nora,Brunner,ERP-2026-000312,2025-04-16T18:53:43Z,"Park Street 101, 14659 Bern, Switzerland",ccciw.nora.brunner@gmx.de,Brunner Trading,none
Nora,Frei,ERP-2026-000313,2025-06-21T17:56:54Z,"Lake Lane 116, 99991 Bern, Switzerland",ccciw.nora.frei@gmail.com,Frei Solutions,silver
Oliver,Roberts,ERP-2026-000314,2025-08-09T08:41:38Z,"Cedar Road 34, 86072 Birmingham, United Kingdom",ccciw.oliver.roberts@gmail.com,Roberts Group,gold
Pablo,Martin,ERP-2026-000315,2025-01-28T09:01:35Z,"Market Lane 5, 74451 Seville, Spain",ccciw.pablo.martin@outlook.com,Martin Retail,none
Pablo,Rodriguez,ERP-2026-000316,2025-12-10T14:58:28Z,"Maple Boulevard 25, 46584 Seville, Spain",ccciw.pablo.rodriguez@t-online.de,Rodriguez Solutions,gold
Pablo,Ruiz,ERP-2026-000317,2025-06-15T19:56:35Z,"Main Avenue 146, 31525 Seville, Spain",ccciw.pablo.ruiz@web.de,Ruiz Group,silver
Paul,Engel,ERP-2026-000318,2025-04-11T05:32:45Z,"Hill Avenue 74, 98995 Leipzig, Germany",ccciw.paul.engel@gmail.com,Engel Partners,none
Paol,Kaiser,ERP-2026-000319,2025-06-21T10:17:20Z,"Park Lane 137, 64148 Stuttgart, Germany",ccciw.paul.kaiser@t-online.de,Kaiser Group,none
Paul,Meier,ERP-2026-000320,2025-01-17T09:36:12Z,"River Street 95, 39757 Frankfurt, Germany",ccciw.paul.meier@yahoo.com,Meier Solutions,silver
Paul,Meyer,ERP-2026-000321,2025-12-22T12:36:13Z,"Cedar Road 137, 64280 Frankfurt, Germany",ccciw.paul.meyer@gmx.de,Meyer Partners,silver
Philipp,Becker,ERP-2026-000322,2025-05-27T17:09:25Z,"Cedar Lane 78, 46220 Stuttgart, Germany",ccciw.philipp.becker@gmail.com,Becker Trading,silver
Philipp,Hoffmann,ERP-2026-000323,2026-01-20T11:52:37Z,"Queen Lane 117, 45218 Frankfurt, Germany",ccciw.philipp.hoffmann@web.de,Hoffmann Retail,silver
Philipp,Huber,ERP-2026-000324,2025-02-07T11:32:20Z,"Park Boulevard 169, 37121 Frankfurt, Germany",ccciw.philipp.huber@outlook.com,Huber Group,none
Philipp,Kaiser,ERP-2026-000325,2025-03-08T14:22:58Z,"Garden Road 10, 18166 Munich, Germany",ccciw.philipp.kaiser@web.de,Kaiser Solutions,none
Philipp,Krause,ERP-2026-000326,2025-11-25T01:08:51Z,"Main Lane 56, 49606 Dusseldorf, Germany",ccciw.philipp.krause@web.de,Krause Group,silver
Philipp,Kuhn,ERP-2026-000327,2025-03-14T17:24:14Z,"Hill Boulevard 27, 14402 Frankfurt, Germany",ccciw.philipp.kuhn@gmx.de,Kuhn Group,none
Philipp,Lange,ERP-2026-000328,2025-01-27T21:58:23Z,"River Avenue 161, 31311 Berlin, Germany",ccciw.philipp.lange@gmx.de,Lange Solutions,none
Philipp,Moller,ERP-2026-000329,2025-05-22T03:36:02Z,"Hill Road 175, 27401 Munich, Germany",ccciw.philipp.moller@gmail.com,Moller Retail,silver
Philipp,Peters,ERP-2026-000330,2025-05-11T14:48:20Z,"Main Avenue 169, 99423 Cologne, Germany",ccciw.philipp.peters@gmail.com,Peters Solutions,none
Philipp,Richter,ERP-2026-000331,2025-02-13T13:14:24Z,"Queen Lane 92, 20396 Berlin, Germany",ccciw.philipp.richter@t-online.de,Richter Trading,silver
Philipp,Schmitz,ERP-2026-000332,2025-04-29T09:55:15Z,"Garden Road 1, 23123 Cologne, Germany",ccciw.philipp.schmitz@gmx.de,Schmitz Retail,silver
Philipp,Schroder,ERP-2026-000333,2025-02-16T09:51:14Z,"Park Boulevard 64, 95562 Munich, Germany",ccciw.philipp.schroder@t-online.de,Schroder Solutions,gold
Philipp,Schwarz,ERP-2026-000334,2025-11-18T08:46:53Z,"King Boulevard 93, 86669 Leipzig, Germany",ccciw.philipp.schwarz@gmail.com,Schwarz Solutions,silver
Philipp,Vogel,ERP-2026-000335,2025-07-21T01:20:33Z,"King Lane 111, 52585 Hamburg, Germany",ccciw.philipp.vogel@web.de,Vogel Trading,none
Philipp,Weber,ERP-2026-000336,2025-03-01T23:37:39Z,"Oak Road 165, 50516 Cologne, Germany",ccciw.philipp.weber@web.de,Weber Retail,silver
Philipp,Winter,ERP-2026-000337,2025-10-31T00:55:49Z,"River Avenue 10, 36071 Dusseldorf, Germany",ccciw.philipp.winter@gmx.de,Winter Solutions,none
Sar,Meier,ERP-2026-000338,2025-06-09T14:33:55Z,"Hill Road 86, 98917 Lausanne, Switzerland",ccciw.sara.meier@gmx.de,Meier Group,gold
Sara,Zurbuchen,ERP-2026-000339,2025-04-27T16:07:22Z,"Hill Boulevard 169, 42348 Zurich, Switzerland",ccciw.sara.zurbuchen@gmx.de,Zurbuchen Retail,silver
Sarah,Braun,ERP-2026-000340,2026-03-09T17:11:38Z,"Park Boulevard 97, 95544 Stuttgart, Germany",ccciw.sarah.braun@outlook.com,Braun Group,none
Sareh,Franke,ERP-2026-000341,2024-12-19T17:23:48Z,"Main Lane 168, 70795 Munich, Germany",ccciw.sarah.franke@t-online.de,Franke Partners,gold
Sarah,Hoffmann,ERP-2026-000342,2025-02-28T15:13:28Z,"Garden Lane 89, 75288 Cologne, Germany",ccciw.sarah.hoffmann@gmail.com,Hoffmann Partners,silver
Sarah,Huber,ERP-2026-000343,2025-12-16T07:51:59Z,"Hill Avenue 63, 74167 Frankfurt, Germany",ccciw.sarah.huber@gmx.de,Huber Solutions,none
Sarah,Klein,ERP-2026-000344,2025-06-19T22:44:42Z,"Garden Street 68, 50876 Dusseldorf, Germany",ccciw.sarah.klein@gmx.de,Klein Solutions,gold
Sarah,Krause,ERP-2026-000345,2025-05-09T06:40:03Z,"Maple Road 157, 59976 Frankfurt, Germany",ccciw.sarah.krause@outlook.com,Krause Partners,none
Sarah,Laurent,ERP-2026-000346,2026-02-21T10:33:32Z,"Garden Avenue 149, 22919 Toulouse, France",ccciw.sarah.laurent@web.de,Laurent Retail,gold
Sarah,Lehmann,ERP-2026-000347,2024-12-09T08:40:48Z,"Park Street 142, 15912 Frankfurt, Germany",ccciw.sarah.lehmann@web.de,Lehmann Retail,none
Saiah,Moller,ERP-2026-000348,2025-02-12T15:50:18Z,"River Road 7, 92330 Hamburg, Germany",ccciw.sarah.moller@gmail.com,Moller Retail,silver
Sarah,Muller,ERP-2026-000349,2026-03-23T19:50:21Z,"Oak Lane 60, 96197 Stuttgart, Germany",ccciw.sarah.muller@web.de,Muller Partners,gold
Sarah,Richter,ERP-2026-000350,2025-05-22T05:04:42Z,"River Avenue 2, 68893 Hamburg, Germany",ccciw.sarah.richter@gmail.com,Richter Group,none
Sarah,Robert,ERP-2026-000351,2025-06-12T23:45:54Z,"Queen Road 137, 97694 Paris, France",ccciw.sarah.robert@web.de,Robert Trading,none
Sarah,Schmidt,ERP-2026-000352,2025-03-24T19:12:12Z,"River Boulevard 54, 93271 Leipzig, Germany",ccciw.sarah.schmidt@web.de,Schmidt Trading,silver
Sarah,Schmitz,ERP-2026-000353,2025-06-01T16:36:45Z,"Hill Street 134, 33419 Dusseldorf, Germany",ccciw.sarah.schmitz@gmx.de,Schmitz Trading,silver
Sarah,Weber,ERP-2026-000354,2025-11-27T12:49:32Z,"King Lane 108, 11166 Munich, Germany",ccciw.sarah.weber@outlook.com,Weber Group,silver
Sarah,Wolf,ERP-2026-000355,2025-07-17T23:27:40Z,"Queen Road 5, 25541 Dusseldorf, Germany",ccciw.sarah.wolf@web.de,Wolf Trading,none
Sebastians,Franke,ERP-2026-000356,2025-08-26T18:37:07Z,"Oak Avenue 36, 76667 Berlin, Germany",ccciw.sebastian.franke@gmx.de,Franke Group,silver
Sebastian,Hoffmann,ERP-2026-000357,2026-03-31T15:33:51Z,"Lake Road 120, 56221 Stuttgart, Germany",ccciw.sebastian.hoffmann@gmx.de,Hoffmann Solutions,gold
Sebastian,Kaiser,ERP-2026-000358,2025-12-31T09:51:09Z,"Hill Street 141, 77883 Munich, Germany",ccciw.sebastian.kaiser@web.de,Kaiser Trading,none
Sebastian,Lange,ERP-2026-000359,2025-01-22T00:45:28Z,"River Avenue 27, 62689 Berlin, Germany",ccciw.sebastian.lange@t-online.de,Lange Solutions,none
Sebastian,Moller,ERP-2026-000360,2025-01-07T04:13:08Z,"Queen Road 57, 11057 Hamburg, Germany",ccciw.sebastian.moller@outlook.com,Moller Solutions,gold
Sebastian,Neumann,ERP-2026-000361,2026-02-09T01:59:10Z,"Queen Boulevard 3, 46370 Hamburg, Germany",ccciw.sebastian.neumann@gmail.com,Neumann Solutions,none
Sebastian,Richter,ERP-2026-000362,2025-02-28T20:36:11Z,"Main Lane 19, 46058 Cologne, Germany",ccciw.sebastian.richter@gmx.de,Richter Group,silver
Sebastian,Werner,ERP-2026-000363,2025-11-24T03:35:59Z,"Main Avenue 107, 56824 Leipzig, Germany",ccciw.sebastian.werner@web.de,Werner Retail,none
Simons,Bauer,ERP-2026-000364,2026-01-26T22:08:35Z,"Queen Boulevard 69, 88352 Linz, Austria",ccciw.simon.bauer@gmx.de,Bauer Retail,silver
Simon,Mayr,ERP-2026-000365,2025-11-18T11:24:41Z,"Hill Lane 22, 13553 Innsbruck, Austria",ccciw.simon.mayr@yahoo.com,Mayr Solutions,silver
Sophie,Braun,ERP-2026-000366,2025-12-09T00:40:08Z,"King Lane 72, 65090 Frankfurt, Germany",ccciw.sophie.braun@gmx.de,Braun Retail,silver
Sophie,Fischer,ERP-2026-000367,2025-01-07T02:08:31Z,"Queen Boulevard 7, 43350 Cologne, Germany",ccciw.sophie.fischer@t-online.de,Fischer Retail,none
Sophie,Huber,ERP-2026-000368,2025-01-10T11:46:51Z,"Lake Boulevard 154, 29664 Leipzig, Germany",ccciw.sophie.huber@t-online.de,Huber Trading,none
Sophie,Krausen,ERP-2026-000369,2025-05-19T08:17:29Z,"Lake Lane 49, 63511 Cologne, Germany",ccciw.sophie.krause@outlook.com,Krausen Partners,none
Sophie,Lehmann,ERP-2026-000370,2025-01-20T00:20:05Z,"Park Lane 123, 46043 Cologne, Germany",ccciw.sophie.lehmann@gmail.com,Lehmann Partners,gold
Sophie,Meier,ERP-2026-000371,2025-05-22T23:41:54Z,"River Lane 138, 16114 Cologne, Germany",ccciw.sophie.meier@web.de,Meier Partners,silver
Sophien,Richter,ERP-2026-000372,2025-01-07T18:59:06Z,"Maple Street 46, 28088 Stuttgart, Germany",ccciw.sophie.richter@gmail.com,Richter Trading,none
Sophie,Schroder,ERP-2026-000373,2025-12-16T22:39:22Z,"Hill Street 42, 44149 Stuttgart, Germany",ccciw.sophie.schroder@web.de,Schroder Solutions,none
Sophie,Schwarz,ERP-2026-000374,2026-02-07T06:14:29Z,"Cedar Avenue 90, 47197 Stuttgart, Germany",ccciw.sophie.schwarz@gmail.com,Schwarz Group,none
Sophie,Winter,ERP-2026-000375,2025-04-09T14:34:39Z,"Queen Street 180, 82480 Cologne, Germany",ccciw.sophie.winter@t-online.de,Winter Trading,none
Theo,Durand,ERP-2026-000376,2025-03-18T14:38:54Z,"Garden Lane 175, 59798 Lille, France",ccciw.theo.durand@outlook.com,Durand Trading,silver
Theresa,Auer,ERP-2026-000377,2025-02-17T21:19:33Z,"Hill Lane 68, 38519 Innsbruck, Austria",ccciw.theresa.auer@t-online.de,Auer Trading,none
Theresa,Fuchs,ERP-2026-000378,2025-12-01T01:40:21Z,"Queen Avenue 25, 81577 Salzburg, Austria",ccciw.theresa.fuchs@gmail.com,Fuchs Partners,none
Tim,Braun,ERP-2026-000379,2025-09-02T19:06:14Z,"Oak Street 114, 80689 Hamburg, Germany",ccciw.tim.braun@gmail.com,Braun Partners,silver
Tim,Huber,ERP-2026-000380,2025-04-18T20:24:08Z,"Oak Avenue 117, 43126 Dusseldorf, Germany",ccciw.tim.huber@outlook.com,Huber Trading,none
Tim,Klean,ERP-2026-000381,2025-05-31T16:59:49Z,"King Avenue 171, 52792 Munich, Germany",ccciw.tim.klein@gmx.de,Klean Group,silver
Tim,Lang,ERP-2026-000382,2024-12-19T02:17:09Z,"Hill Street 140, 72633 Leipzig, Germany",ccciw.tim.lang@outlook.com,Lang Retail,none
Tim,Meyer,ERP-2026-000383,2025-02-03T21:33:23Z,"Park Lane 122, 69344 Berlin, Germany",ccciw.tim.meyer@gmail.com,Meyer Group,gold
Tim,Winter,ERP-2026-000384,2025-05-10T16:47:36Z,"Cedar Street 63, 97387 Dusseldorf, Germany",ccciw.tim.winter@gmail.com,Winter Trading,silver
Tobias,Franke,ERP-2026-000385,2025-04-20T13:38:54Z,"Queen Street 18, 36467 Leipzig, Germany",ccciw.tobias.franke@gmail.com,Franke Solutions,gold
Tobias,Huber,ERP-2026-000386,2025-07-14T03:13:04Z,"Queen Street 137, 17278 Vienna, Austria",ccciw.tobias.huber@gmail.com,Huber Group,none
Tobeas,Koch,ERP-2026-000387,2024-12-20T18:50:05Z,"River Avenue 68, 76271 Cologne, Germany",ccciw.tobias.koch@gmail.com,Koch Solutions,silver
Tobiasn,Mayr,ERP-2026-000388,2025-01-04T13:24:51Z,"Main Boulevard 157, 86385 Graz, Austria",ccciw.tobias.mayr@gmail.com,Mayr Partners,none
Tobias,Meier,ERP-2026-000389,2025-07-10T14:56:41Z,"Garden Road 9, 67830 Stuttgart, Germany",ccciw.tobias.meier@yahoo.com,Meier Retail,silver
Tobias,Moser,ERP-2026-000390,2025-07-21T14:57:55Z,"King Road 144, 45955 Innsbruck, Austria",ccciw.tobias.moser@yahoo.com,Moser Retail,gold
Tobias,Richter,ERP-2026-000391,2025-09-29T12:20:54Z,"Garden Road 29, 17157 Dusseldorf, Germany",ccciw.tobias.richter@web.de,Richter Group,none
Tooias,Schneider,ERP-2026-000392,2025-04-12T16:24:15Z,"Queen Avenue 150, 22457 Munich, Germany",ccciw.tobias.schneider@outlook.com,Schneider Retail,none
Tobias,Wagner,ERP-2026-000393,2025-10-09T16:55:09Z,"Hill Lane 119, 60740 Hamburg, Germany",ccciw.tobias.wagner@gmx.de,Wagner Group,none
Tobias,Weber,ERP-2026-000394,2026-01-20T06:09:47Z,"Main Boulevard 90, 16271 Leipzig, Germany",ccciw.tobias.weber@gmail.com,Weber Group,gold
Tabias,Wolf,ERP-2026-000395,2025-04-15T06:51:03Z,"Market Street 172, 53109 Frankfurt, Germany",ccciw.tobias.wolf@web.de,Wolf Solutions,none
Verena,Auer,ERP-2026-000396,2025-03-26T12:33:49Z,"Queen Boulevard 111, 91685 Graz, Austria",ccciw.verena.auer@gmail.com,Auer Partners,none
Verena,Hofer,ERP-2026-000397,2025-12-08T14:21:28Z,"Queen Avenue 139, 69752 Innsbruck, Austria",ccciw.verena.hofer@t-online.de,Hofer Retail,silver
Verena,Mayr,ERP-2026-000398,2025-08-21T23:20:55Z,"Lake Road 60, 70609 Salzburg, Austria",ccciw.verena.mayr@gmail.com,Mayr Retail,none
Verena,Moser,ERP-2026-000399,2025-06-07T08:58:37Z,"Garden Lane 58, 33068 Graz, Austria",ccciw.verena.moser@outlook.com,Moser Solutions,none
Verena,Wagner,ERP-2026-000400,2025-03-19T19:53:19Z,"Queen Road 40, 53550 Vienna, Austria",ccciw.verena.wagner@gmail.com,Wagner Group,none
Alex,Schmidt,ERP-2026-000401,2025-05-15T01:32:17Z,"Maple Avenue 153, 13960 Hamburg, Germany",ccciw.alex.schmidt297@gmx.de,Schmidt Trading,none
Ella,Martin,ERP-2026-000402,2025-06-24T12:21:00Z,"King Boulevard 80, 12295 Leipzig, Germany",ccciw.ella.martin119@outlook.com,Martin Solutions,none
Morgan,Garcia,ERP-2026-000403,2025-05-24T02:01:34Z,"Queen Lane 39, 22351 Linz, Austria",ccciw.morgan.garcia151@gmx.de,Garcia Trading,none
Luca,Klein,ERP-2026-000404,2025-08-19T17:07:00Z,"Garden Avenue 91, 59205 Hamburg, Germany",ccciw.luca.klein424@gmx.de,Klein Solutions,none
Sofia,Brown,ERP-2026-000405,2025-05-20T00:07:36Z,"Main Avenue 158, 96410 The Hague, Netherlands",ccciw.sofia.brown602@yahoo.com,Brown Trading,none
Noah,Huber,ERP-2026-000406,2025-03-12T21:16:52Z,"River Road 6, 70025 Berlin, Germany",ccciw.noah.huber604@t-online.de,Huber Group,gold
Cameron,Huber,ERP-2026-000407,2025-06-27T13:42:32Z,"King Avenue 177, 25514 Dusseldorf, Germany",ccciw.cameron.huber604@gmx.de,Huber Retail,none
Nina,Smith,ERP-2026-000408,2026-01-09T17:30:41Z,"King Lane 178, 31812 Graz, Austria",ccciw.nina.smith230@yahoo.com,Smith Partners,none
Morgan,Klein,ERP-2026-000409,2025-04-21T20:52:00Z,"Market Road 84, 27547 Hamburg, Germany",ccciw.morgan.klein781@outlook.com,Klein Trading,silver
Alex,Schmidt,ERP-2026-000410,2025-06-21T18:37:28Z,"Maple Lane 132, 27595 Munich, Germany",ccciw.alex.schmidt487@gmail.com,Schmidt Trading,none
Milan,Becker,ERP-2026-000411,2025-02-23T00:59:55Z,"Maple Avenue 161, 87721 Leipzig, Germany",ccciw.milan.becker546@web.de,Becker Solutions,gold
Cameron,Keller,ERP-2026-000412,2025-07-20T10:23:03Z,"Oak Boulevard 67, 94526 Cologne, Germany",ccciw.cameron.keller524@gmail.com,Keller Group,none
Alex,Schmidt,ERP-2026-000413,2025-05-05T13:32:33Z,"Oak Boulevard 89, 22509 Bilbao, Spain",ccciw.alex.schmidt217@outlook.com,Schmidt Trading,none
Avery,Hoffmann,ERP-2026-000414,2025-06-26T06:57:50Z,"Oak Boulevard 1, 34470 Munich, Germany",ccciw.avery.hoffmann256@t-online.de,Hoffmann Partners,none
Casey,Schmidt,ERP-2026-000415,2025-05-14T14:49:57Z,"Cedar Lane 139, 17980 Frankfurt, Germany",ccciw.casey.schmidt643@t-online.de,Schmidt Group,silver
Alex,Brown,ERP-2026-000416,2025-09-06T19:04:02Z,"Oak Road 27, 89013 Berlin, Germany",ccciw.alex.brown251@gmx.de,Brown Retail,none
Milan,Keller,ERP-2026-000417,2025-01-30T20:06:56Z,"Cedar Road 33, 11757 Berlin, Germany",ccciw.milan.keller693@outlook.com,Keller Retail,none
Sofia,Klein,ERP-2026-000418,2025-04-07T06:39:25Z,"Cedar Lane 48, 63732 Paris, France",ccciw.sofia.klein747@web.de,Klein Trading,silver
Cameron,Klein,ERP-2026-000419,2025-04-18T00:57:33Z,"Queen Lane 26, 28511 Leipzig, Germany",ccciw.cameron.klein517@gmx.de,Klein Retail,none
Alex,Klein,ERP-2026-000420,2025-02-28T09:36:32Z,"Market Street 83, 71834 Munich, Germany",ccciw.alex.klein224@web.de,Klein Partners,none
Morgan,Martin,ERP-2026-000421,2025-03-30T14:19:03Z,"Cedar Boulevard 89, 58507 Berlin, Germany",ccciw.morgan.martin959@outlook.com,Martin Group,silver
Avery,Meyer,ERP-2026-000422,2025-10-22T21:29:10Z,"Park Road 15, 53479 Leipzig, Germany",ccciw.avery.meyer695@yahoo.com,Meyer Group,none
Taylor,Huber,ERP-2026-000423,2025-04-29T05:17:03Z,"River Road 97, 48580 Amsterdam, Netherlands",ccciw.taylor.huber515@web.de,Huber Solutions,silver
Jordan,Meyer,ERP-2026-000424,2025-08-19T02:39:42Z,"Hill Lane 73, 95465 Cologne, Germany",ccciw.jordan.meyer101@t-online.de,Meyer Group,none
Ella,Hoffmann,ERP-2026-000425,2026-03-31T20:28:48Z,"Queen Boulevard 160, 24908 Munich, Germany",ccciw.ella.hoffmann634@gmail.com,Hoffmann Partners,none
Alex,Keller,ERP-2026-000426,2025-04-13T12:40:54Z,"Main Street 27, 54081 Hamburg, Germany",ccciw.alex.keller654@gmail.com,Keller Trading,none
Emma,Fischer,ERP-2026-000427,2026-01-05T15:01:58Z,"Oak Lane 155, 14391 Hamburg, Germany",ccciw.emma.fischer720@gmx.de,Fischer Retail,none
Milan,Dubois,ERP-2026-000428,2025-02-28T21:40:05Z,"Garden Street 63, 39547 Munich, Germany",ccciw.milan.dubois570@web.de,Dubois Solutions,silver
Liam,Smith,ERP-2026-000429,2025-07-27T05:50:03Z,"River Boulevard 54, 53849 Berlin, Germany",ccciw.liam.smith708@gmx.de,Smith Retail,none
Noah,Dubois,ERP-2026-000430,2025-07-15T14:56:01Z,"Hill Boulevard 64, 68727 Stuttgart, Germany",ccciw.noah.dubois284@yahoo.com,Dubois Trading,none
Robin,Keller,ERP-2026-000431,2025-07-05T18:01:33Z,"Queen Boulevard 97, 89644 Cologne, Germany",ccciw.robin.keller949@web.de,Keller Partners,none
Alex,Huber,ERP-2026-000432,2025-06-22T11:49:54Z,"Park Street 11, 50147 Frankfurt, Germany",ccciw.alex.huber760@gmail.com,Huber Solutions,gold
Emma,Martin,ERP-2026-000433,2025-09-10T07:31:38Z,"Maple Street 121, 51507 The Hague, Netherlands",ccciw.emma.martin927@gmx.de,Martin Retail,none
Noah,Jansen,ERP-2026-000434,2025-05-04T11:31:17Z,"River Lane 131, 98821 Cologne, Germany",ccciw.noah.jansen125@outlook.com,Jansen Group,none
Robin,Dubois,ERP-2026-000435,2025-04-25T11:24:45Z,"Main Avenue 133, 14491 Dusseldorf, Germany",ccciw.robin.dubois274@outlook.com,Dubois Retail,silver
Morgan,Hoffmann,ERP-2026-000436,2025-05-06T02:56:01Z,"River Lane 89, 96431 Berlin, Germany",ccciw.morgan.hoffmann422@web.de,Hoffmann Retail,silver
Casey,Garcia,ERP-2026-000437,2026-02-17T07:42:23Z,"Park Street 44, 17185 Dusseldorf, Germany",ccciw.casey.garcia514@gmail.com,Garcia Group,gold
Alex,Schmidt,ERP-2026-000438,2025-05-14T00:47:27Z,"River Avenue 154, 76745 Stuttgart, Germany",ccciw.alex.schmidt898@gmail.com,Schmidt Group,gold
Mia,Keller,ERP-2026-000439,2025-06-14T04:04:55Z,"Lake Boulevard 26, 94297 Leipzig, Germany",ccciw.mia.keller144@gmx.de,Keller Trading,none
Milan,Martin,ERP-2026-000440,2025-05-11T08:44:53Z,"River Street 163, 87545 Lille, France",ccciw.milan.martin178@gmx.de,Martin Retail,silver
Luca,Huber,ERP-2026-000441,2025-08-08T22:07:37Z,"Park Lane 138, 32095 Bilbao, Spain",ccciw.luca.huber707@web.de,Huber Solutions,none
Ella,Keller,ERP-2026-000442,2025-08-06T15:06:57Z,"Market Street 14, 50815 Cologne, Germany",ccciw.ella.keller903@web.de,Keller Solutions,none
Ella,Martin,ERP-2026-000443,2025-02-16T00:58:27Z,"Park Avenue 131, 44611 Frankfurt, Germany",ccciw.ella.martin223@t-online.de,Martin Retail,none
Riley,Wagner,ERP-2026-000444,2025-10-01T17:24:40Z,"Queen Road 86, 83126 Manchester, United Kingdom",ccciw.riley.wagner601@t-online.de,Wagner Trading,gold
Riley,Keller,ERP-2026-000445,2025-08-02T03:54:00Z,"Market Avenue 41, 45555 Leipzig, Germany",ccciw.riley.keller170@yahoo.com,Keller Group,none
Emma,Hoffmann,ERP-2026-000446,2025-06-20T01:39:02Z,"Main Avenue 79, 40846 Frankfurt, Germany",ccciw.emma.hoffmann484@web.de,Hoffmann Group,none
Nina,Meyer,ERP-2026-000447,2025-10-11T03:38:06Z,"Garden Avenue 122, 26884 Frankfurt, Germany",ccciw.nina.meyer123@web.de,Meyer Partners,none
Emma,Dubois,ERP-2026-000448,2025-11-15T01:30:18Z,"Market Avenue 145, 84456 Cologne, Germany",ccciw.emma.dubois747@gmail.com,Dubois Retail,gold
Nina,Schmidt,ERP-2026-000449,2025-08-24T09:53:16Z,"Garden Road 99, 99823 Leipzig, Germany",ccciw.nina.schmidt609@web.de,Schmidt Solutions,none
Taylor,Jansen,ERP-2026-000450,2025-05-30T23:03:02Z,"Park Boulevard 71, 98078 Bristol, United Kingdom",ccciw.taylor.jansen111@gmx.de,Jansen Retail,silver
Jordan,Meyer,ERP-2026-000451,2025-10-22T05:06:47Z,"Garden Avenue 40, 76488 Stuttgart, Germany",ccciw.jordan.meyer291@web.de,Meyer Solutions,silver
Avery,Brown,ERP-2026-000452,2024-12-26T15:16:15Z,"Maple Street 41, 41635 Dusseldorf, Germany",ccciw.avery.brown907@gmx.de,Brown Partners,silver
Casey,Martin,ERP-2026-000453,2025-07-03T21:15:19Z,"Oak Boulevard 90, 85125 Leipzig, Germany",ccciw.casey.martin318@gmx.de,Martin Group,none
Cameron,Martin,ERP-2026-000454,2025-12-26T03:58:03Z,"Park Boulevard 69, 29707 Cologne, Germany",ccciw.cameron.martin275@outlook.com,Martin Trading,gold
Sofia,Becker,ERP-2026-000455,2025-04-07T19:35:56Z,"Main Avenue 88, 95564 Munich, Germany",ccciw.sofia.becker114@web.de,Becker Retail,silver
Riley,Fischer,ERP-2026-000456,2025-07-16T03:33:41Z,"Maple Boulevard 175, 79870 Berlin, Germany",ccciw.riley.fischer557@t-online.de,Fischer Trading,none
Avery,Huber,ERP-2026-000457,2026-04-20T03:13:08Z,"Main Boulevard 34, 77141 Leipzig, Germany",ccciw.avery.huber981@web.de,Huber Solutions,none
Mia,Meyer,ERP-2026-000458,2025-08-03T15:47:34Z,"Hill Boulevard 113, 70613 Berlin, Germany",ccciw.mia.meyer151@gmx.de,Meyer Solutions,silver
Mia,Fischer,ERP-2026-000459,2025-02-19T10:43:51Z,"King Road 111, 95505 Berlin, Germany",ccciw.mia.fischer800@yahoo.com,Fischer Group,gold
Casey,Meyer,ERP-2026-000460,2025-12-21T19:52:48Z,"Oak Boulevard 17, 19261 Madrid, Spain",ccciw.casey.meyer937@gmx.de,Meyer Partners,none
Morgan,Fischer,ERP-2026-000461,2025-01-07T14:56:26Z,"Maple Street 34, 13959 Linz, Austria",ccciw.morgan.fischer866@gmail.com,Fischer Retail,none
Leo,Wagner,ERP-2026-000462,2025-07-16T07:46:58Z,"Queen Avenue 35, 59499 Lausanne, Switzerland",ccciw.leo.wagner497@yahoo.com,Wagner Retail,none
Milan,Smith,ERP-2026-000463,2025-03-22T14:07:49Z,"Hill Lane 24, 57211 Leipzig, Germany",ccciw.milan.smith948@outlook.com,Smith Retail,none
Avery,Jansen,ERP-2026-000464,2025-07-31T17:32:39Z,"Main Street 135, 95363 Bilbao, Spain",ccciw.avery.jansen908@gmail.com,Jansen Group,silver
Emma,Brown,ERP-2026-000465,2025-04-07T08:08:51Z,"River Road 164, 29637 Frankfurt, Germany",ccciw.emma.brown841@yahoo.com,Brown Group,none
Ella,Garcia,ERP-2026-000466,2025-06-23T05:07:34Z,"Lake Street 37, 86828 Leipzig, Germany",ccciw.ella.garcia569@t-online.de,Garcia Solutions,silver
Riley,Becker,ERP-2026-000467,2025-02-26T11:12:45Z,"Queen Avenue 3, 21839 Frankfurt, Germany",ccciw.riley.becker561@t-online.de,Becker Partners,none
Milan,Jansen,ERP-2026-000468,2025-11-18T09:06:15Z,"Market Street 5, 97429 Stuttgart, Germany",ccciw.milan.jansen247@web.de,Jansen Partners,silver
Cameron,Keller,ERP-2026-000469,2025-02-24T07:52:01Z,"River Lane 99, 66888 Hamburg, Germany",ccciw.cameron.keller525@t-online.de,Keller Retail,silver
Casey,Muller,ERP-2026-000470,2025-07-22T22:21:31Z,"Lake Avenue 164, 85953 Munich, Germany",ccciw.casey.muller645@yahoo.com,Muller Trading,none
Luca,Keller,ERP-2026-000471,2025-05-29T02:52:38Z,"Queen Avenue 67, 94504 Frankfurt, Germany",ccciw.luca.keller243@t-online.de,Keller Trading,gold
Liam,Garcia,ERP-2026-000472,2026-02-10T14:04:44Z,"King Boulevard 15, 69248 Frankfurt, Germany",ccciw.liam.garcia104@web.de,Garcia Partners,none
Cameron,Keller,ERP-2026-000473,2025-01-07T08:25:35Z,"Queen Lane 106, 74352 Leipzig, Germany",ccciw.cameron.keller584@yahoo.com,Keller Solutions,none
Noah,Dubois,ERP-2026-000474,2025-10-05T11:45:33Z,"Lake Boulevard 136, 64823 Frankfurt, Germany",ccciw.noah.dubois976@gmx.de,Dubois Retail,gold
Morgan,Becker,ERP-2026-000475,2025-08-24T19:49:31Z,"Garden Road 66, 87448 Munich, Germany",ccciw.morgan.becker768@web.de,Becker Partners,none
Ella,Meyer,ERP-2026-000476,2025-04-17T17:33:29Z,"Maple Lane 160, 44117 Leipzig, Germany",ccciw.ella.meyer695@outlook.com,Meyer Trading,gold
Riley,Martin,ERP-2026-000477,2025-01-25T17:40:51Z,"Queen Lane 131, 89622 Cologne, Germany",ccciw.riley.martin186@web.de,Martin Solutions,none
Noah,Keller,ERP-2026-000478,2025-12-07T22:30:16Z,"Market Street 167, 18217 Madrid, Spain",ccciw.noah.keller421@outlook.com,Keller Retail,silver
Ella,Keller,ERP-2026-000479,2025-08-31T22:17:28Z,"Hill Lane 31, 26725 Vienna, Austria",ccciw.ella.keller410@gmail.com,Keller Solutions,none
Nina,Fischer,ERP-2026-000480,2025-06-15T05:29:40Z,"King Avenue 88, 49899 Hamburg, Germany",ccciw.nina.fischer276@outlook.com,Fischer Partners,silver
Cameron,Jansen,ERP-2026-000481,2025-07-09T03:08:09Z,"River Street 24, 76130 Munich, Germany",ccciw.cameron.jansen158@gmx.de,Jansen Group,none
Morgan,Schmidt,ERP-2026-000482,2025-06-10T03:08:37Z,"Maple Lane 83, 40361 Hamburg, Germany",ccciw.morgan.schmidt924@yahoo.com,Schmidt Solutions,none
Riley,Keller,ERP-2026-000483,2025-08-05T11:56:40Z,"Park Street 126, 67818 Stuttgart, Germany",ccciw.riley.keller619@gmail.com,Keller Group,gold
Milan,Muller,ERP-2026-000484,2025-06-08T04:14:48Z,"Cedar Lane 14, 34804 Dusseldorf, Germany",ccciw.milan.muller937@gmail.com,Muller Group,none
Noah,Brown,ERP-2026-000485,2025-10-25T17:52:52Z,"Maple Road 48, 84008 Berlin, Germany",ccciw.noah.brown475@yahoo.com,Brown Trading,none
Liam,Jansen,ERP-2026-000486,2025-03-07T14:30:28Z,"Cedar Avenue 157, 22276 Leipzig, Germany",ccciw.liam.jansen292@outlook.com,Jansen Retail,none
Avery,Smith,ERP-2026-000487,2025-01-30T06:26:58Z,"King Lane 123, 80400 Utrecht, Netherlands",ccciw.avery.smith725@t-online.de,Smith Retail,gold
Jordan,Brown,ERP-2026-000488,2025-01-03T13:02:32Z,"Queen Road 165, 21056 Stuttgart, Germany",ccciw.jordan.brown630@outlook.com,Brown Trading,gold
Leo,Huber,ERP-2026-000489,2025-06-02T23:00:16Z,"Park Road 123, 24929 Leipzig, Germany",ccciw.leo.huber271@yahoo.com,Huber Partners,none
Robin,Garcia,ERP-2026-000490,2026-01-24T03:42:22Z,"Market Road 100, 66115 Stuttgart, Germany",ccciw.robin.garcia860@outlook.com,Garcia Partners,gold
Robin,Becker,ERP-2026-000491,2025-09-10T05:32:09Z,"Queen Road 14, 80801 Dusseldorf, Germany",ccciw.robin.becker589@web.de,Becker Trading,gold
Ella,Jansen,ERP-2026-000492,2025-01-28T09:59:13Z,"Main Lane 38, 69104 Munich, Germany",ccciw.ella.jansen876@t-online.de,Jansen Trading,none
Emma,Jansen,ERP-2026-000493,2025-04-04T19:06:21Z,"Hill Avenue 33, 11572 Leipzig, Germany",ccciw.emma.jansen398@t-online.de,Jansen Retail,none
Milan,Wagner,ERP-2026-000494,2025-03-18T18:01:14Z,"River Lane 32, 55531 Stuttgart, Germany",ccciw.milan.wagner949@web.de,Wagner Group,gold
Milan,Muller,ERP-2026-000495,2025-04-09T05:03:59Z,"Queen Lane 26, 67085 Bern, Switzerland",ccciw.milan.muller301@web.de,Muller Trading,silver
Avery,Keller,ERP-2026-000496,2025-12-11T04:06:00Z,"Hill Lane 4, 62366 Cologne, Germany",ccciw.avery.keller608@gmx.de,Keller Solutions,silver
Morgan,Huber,ERP-2026-000497,2025-07-29T01:45:24Z,"Maple Boulevard 88, 36187 Berlin, Germany",ccciw.morgan.huber345@t-online.de,Huber Partners,none
Jordan,Hoffmann,ERP-2026-000498,2025-03-01T05:20:45Z,"Garden Lane 92, 77355 Munich, Germany",ccciw.jordan.hoffmann950@t-online.de,Hoffmann Partners,none
Noah,Muller,ERP-2026-000499,2025-05-06T13:52:21Z,"Park Avenue 126, 52143 Berlin, Germany",ccciw.noah.muller480@t-online.de,Muller Partners,none
Emma,Keller,ERP-2026-000500,2025-08-05T04:26:59Z,"King Boulevard 114, 16021 Leipzig, Germany",ccciw.emma.keller960@outlook.com,Keller Partners,none
