telemetryid,username,serialnumber,productid,firstused,totalusagehours,lastused,firmwareupdated
TEL-2026-000001,ccciw.sarah.fischer@gmail.com,NOVA-DE-00001,CC-NOVA-001,2025-04-06T07:57:03Z,43.4,2025-06-22T03:57:03Z,false
TEL-2026-000002,ccciw.marie.wagner@gmx.de,AURA-DE-00001,CC-AURA-001,2025-04-07T12:22:09Z,23.0,2025-05-14T14:22:09Z,true
TEL-2026-000003,ccciw.max.kruger@gmail.com,LUMA-DE-00001,CC-LUMA-002,2025-04-12T20:18:13Z,158.9,2025-05-17T08:18:13Z,false
TEL-2026-000004,ccciw.tobias.mayr@gmail.com,AURA-AT-00001,CC-AURA-001,2025-04-14T00:04:51Z,81.3,2025-06-26T09:04:51Z,true
TEL-2026-000005,ccciw.amelia.thomas@yahoo.com,NOVA-UK-00001,CC-NOVA-001,2025-04-14T20:36:18Z,45.4,2025-04-29T17:36:18Z,false
TEL-2026-000006,ccciw.lucas.petit@outlook.com,NOVA-FR-00001,CC-NOVA-002,2025-04-15T15:21:43Z,159.6,2025-09-23T02:21:43Z,true
TEL-2026-000007,ccciw.lucia.ruiz@outlook.com,NOVA-ES-00001,CC-NOVA-002,2025-04-19T04:55:19Z,29.3,2025-05-04T01:55:19Z,true
TEL-2026-000008,ccciw.lukas.schmitz@web.de,NOVA-DE-00006,CC-NOVA-002,2025-04-19T14:18:08Z,39.8,2025-05-30T20:18:08Z,true
TEL-2026-000009,ccciw.lukas.kaiser@outlook.com,NOVA-DE-00003,CC-NOVA-002,2025-04-20T16:09:07Z,59.5,2025-05-30T22:09:07Z,true
TEL-2026-000010,ccciw.amelia.thomas@yahoo.com,AURA-UK-00001,CC-AURA-001,2025-04-21T17:01:26Z,95.3,2025-06-30T20:01:26Z,false
TEL-2026-000011,ccciw.katharina.eder@web.de,CHROMA-AT-00001,CC-CHROMA-002,2025-04-22T20:04:07Z,89.4,2025-08-01T16:04:07Z,true
TEL-2026-000012,ccciw.sophie.lehmann@gmail.com,LUMA-DE-00006,CC-LUMA-001,2025-04-22T20:45:05Z,7.5,2025-06-20T01:45:05Z,true
TEL-2026-000013,ccciw.sophie.krause@outlook.com,AURA-DE-00002,CC-AURA-001,2025-04-22T21:56:29Z,124.5,2025-06-15T17:56:29Z,false
TEL-2026-000014,ccciw.nina.brunner@gmail.com,NOVA-CH-00001,CC-NOVA-002,2025-04-22T22:20:36Z,125.9,2025-06-05T21:20:36Z,true
TEL-2026-000015,ccciw.tim.neumann@outlook.com,CHROMA-DE-00002,CC-CHROMA-001,2025-04-23T08:09:52Z,28.0,2025-06-03T05:09:52Z,true
TEL-2026-000016,ccciw.lea.durand@outlook.com,PRISM-FR-00001,CC-PRISM-001,2025-04-23T20:41:34Z,86.3,2025-10-21T04:41:34Z,false
TEL-2026-000017,ccciw.felix.winter@gmail.com,LUMA-DE-00004,CC-LUMA-002,2025-04-24T04:08:13Z,105.7,2025-07-19T00:08:13Z,true
TEL-2026-000018,ccciw.philipp.lange@gmx.de,NOVA-DE-00010,CC-NOVA-001,2025-04-24T18:47:23Z,55.1,2025-07-16T18:47:23Z,false
TEL-2026-000019,ccciw.sebastian.lange@t-online.de,CHROMA-DE-00004,CC-CHROMA-001,2025-04-25T16:39:28Z,76.5,2025-10-22T05:39:28Z,false
TEL-2026-000020,ccciw.finn.schneider@gmail.com,LUMA-DE-00009,CC-LUMA-002,2025-04-25T20:09:29Z,80.4,2025-06-28T06:09:29Z,false
TEL-2026-000021,ccciw.lena.lehmann@gmail.com,AURA-DE-00003,CC-AURA-001,2025-04-26T12:24:55Z,45.7,2025-06-13T22:24:55Z,true
TEL-2026-000022,ccciw.tim.klein@gmx.de,NOVA-DE-00013,CC-NOVA-001,2025-04-26T19:12:35Z,110.7,2025-10-04T13:12:35Z,false
TEL-2026-000023,ccciw.jonas.klein@yahoo.com,NOVA-DE-00002,CC-NOVA-001,2025-04-26T21:58:52Z,126.1,2025-09-07T13:58:52Z,false
TEL-2026-000024,ccciw.sarah.schmidt@web.de,CHROMA-DE-00006,CC-CHROMA-001,2025-04-27T17:21:12Z,257.9,2025-10-16T08:21:12Z,false
TEL-2026-000025,ccciw.melina.werner@outlook.com,NOVA-DE-00007,CC-NOVA-001,2025-04-28T01:48:04Z,244.7,2025-10-18T06:48:04Z,true
TEL-2026-000026,ccciw.anna.meier@gmx.de,PRISM-DE-00001,CC-PRISM-002,2025-04-28T14:08:53Z,47.0,2025-06-01T05:08:53Z,true
TEL-2026-000027,ccciw.emma.winter@gmx.de,NOVA-DE-00008,CC-NOVA-002,2025-04-29T04:24:56Z,139.5,2025-07-12T03:24:56Z,false
TEL-2026-000028,ccciw.sarah.werner@web.de,LUMA-DE-00002,CC-LUMA-001,2025-05-01T01:24:46Z,273.9,2025-07-08T05:24:46Z,true
TEL-2026-000029,ccciw.moritz.neumann@web.de,LUMA-DE-00005,CC-LUMA-002,2025-05-02T03:31:02Z,138.5,2025-07-29T13:31:02Z,true
TEL-2026-000030,ccciw.marie.franke@gmx.de,PRISM-DE-00003,CC-PRISM-001,2025-05-02T16:45:44Z,123.8,2025-07-22T13:45:44Z,false
TEL-2026-000031,ccciw.melina.kruger@gmx.de,CHROMA-DE-00003,CC-CHROMA-001,2025-05-02T21:31:50Z,109.2,2025-08-12T08:31:50Z,true
TEL-2026-000032,ccciw.leon.becker@gmx.de,LUMA-DE-00007,CC-LUMA-002,2025-05-03T16:40:43Z,102.9,2025-06-11T21:40:43Z,false
TEL-2026-000033,ccciw.marlene.hartmann@gmail.com,PRISM-DE-00005,CC-PRISM-001,2025-05-03T19:01:36Z,326.8,2025-09-16T12:01:36Z,true
TEL-2026-000034,ccciw.philipp.schroder@t-online.de,PRISM-DE-00004,CC-PRISM-002,2025-05-04T02:07:14Z,7.8,2025-05-19T04:07:14Z,false
TEL-2026-000035,ccciw.lea.lorenz@gmail.com,CHROMA-DE-00005,CC-CHROMA-001,2025-05-04T10:27:21Z,23.3,2025-07-30T10:27:21Z,true
TEL-2026-000036,ccciw.emma.krause@web.de,NOVA-DE-00009,CC-NOVA-001,2025-05-04T19:39:15Z,133.7,2025-09-02T07:39:15Z,true
TEL-2026-000037,ccciw.david.kruger@gmx.de,LUMA-DE-00010,CC-LUMA-001,2025-05-05T01:47:52Z,78.2,2025-08-17T09:47:52Z,true
TEL-2026-000038,ccciw.laura.schmitz@outlook.com,NOVA-DE-00012,CC-NOVA-002,2025-05-05T08:48:20Z,65.9,2025-08-18T03:48:20Z,false
TEL-2026-000039,ccciw.sophie.fischer@t-online.de,AURA-DE-00005,CC-AURA-001,2025-05-05T17:33:31Z,23.0,2025-06-18T10:33:31Z,true
TEL-2026-000040,ccciw.leon.klein@outlook.com,NOVA-DE-00014,CC-NOVA-002,2025-05-06T00:17:27Z,287.7,2025-09-30T01:17:27Z,true
TEL-2026-000041,ccciw.philipp.becker@gmail.com,PRISM-DE-00007,CC-PRISM-002,2025-05-06T07:37:03Z,220.4,2025-08-08T08:37:03Z,false
TEL-2026-000042,ccciw.david.koch@gmail.com,CHROMA-DE-00007,CC-CHROMA-001,2025-05-06T14:29:44Z,91.8,2025-09-11T22:29:44Z,false
TEL-2026-000043,ccciw.david.lehmann@web.de,NOVA-DE-00022,CC-NOVA-002,2025-05-08T02:31:44Z,110.0,2025-10-29T14:31:44Z,true
TEL-2026-000044,ccciw.pascal.brunner@web.de,AURA-CH-00001,CC-AURA-001,2025-05-08T08:22:40Z,108.9,2025-07-06T22:22:40Z,true
TEL-2026-000045,ccciw.paul.neumann@gmail.com,LUMA-DE-00011,CC-LUMA-001,2025-05-08T08:31:26Z,37.7,2025-08-11T20:31:26Z,false
TEL-2026-000046,ccciw.finn.winter@outlook.com,NOVA-DE-00019,CC-NOVA-001,2025-05-08T08:37:25Z,334.3,2026-01-13T02:37:25Z,true
TEL-2026-000047,ccciw.julia.schmidt@yahoo.com,PRISM-DE-00009,CC-PRISM-002,2025-05-08T11:48:29Z,67.0,2025-06-20T01:48:29Z,true
TEL-2026-000048,ccciw.sarah.moller@gmail.com,CHROMA-DE-00010,CC-CHROMA-002,2025-05-08T15:04:18Z,119.9,2025-07-05T15:04:18Z,false
TEL-2026-000049,ccciw.sarah.franke@t-online.de,LUMA-DE-00008,CC-LUMA-002,2025-05-09T08:35:48Z,312.5,2025-10-29T08:35:48Z,true
TEL-2026-000050,ccciw.nina.richter@gmail.com,CHROMA-DE-00011,CC-CHROMA-001,2025-05-09T10:16:45Z,378.3,2025-10-06T19:16:45Z,true
TEL-2026-000051,ccciw.philipp.weber@web.de,NOVA-DE-00016,CC-NOVA-001,2025-05-09T14:53:39Z,158.2,2025-10-07T11:53:39Z,false
TEL-2026-000052,ccciw.laura.engel@outlook.com,CHROMA-DE-00008,CC-CHROMA-002,2025-05-09T18:04:12Z,131.4,2025-08-06T02:04:12Z,true
TEL-2026-000053,ccciw.nina.zurbuchen@gmail.com,CHROMA-CH-00001,CC-CHROMA-002,2025-05-11T07:53:49Z,42.0,2025-08-23T11:53:49Z,true
TEL-2026-000054,ccciw.moritz.fischer@web.de,LUMA-DE-00015,CC-LUMA-001,2025-05-11T16:10:43Z,215.3,2025-07-31T11:10:43Z,false
TEL-2026-000055,ccciw.anna.schmitz@web.de,AURA-DE-00004,CC-AURA-001,2025-05-12T07:18:02Z,220.2,2025-06-21T17:18:02Z,false
TEL-2026-000056,ccciw.erik.hoffmann@web.de,PRISM-DE-00015,CC-PRISM-001,2025-05-13T00:04:24Z,210.1,2025-07-06T17:04:24Z,false
TEL-2026-000057,ccciw.sophie.richter@gmail.com,LUMA-DE-00016,CC-LUMA-002,2025-05-13T11:08:54Z,138.5,2025-07-22T23:08:54Z,true
TEL-2026-000058,ccciw.niklas.lang@t-online.de,NOVA-DE-00015,CC-NOVA-001,2025-05-14T05:13:20Z,185.2,2025-07-14T00:13:20Z,true
TEL-2026-000059,ccciw.melina.werner@outlook.com,PRISM-DE-00010,CC-PRISM-001,2025-05-14T18:30:25Z,46.7,2025-07-20T00:30:25Z,false
TEL-2026-000060,ccciw.hannah.leitner@gmail.com,AURA-AT-00002,CC-AURA-001,2025-05-14T20:14:16Z,139.8,2025-07-15T20:14:16Z,false
TEL-2026-000061,ccciw.sophie.lehmann@gmail.com,CHROMA-DE-00013,CC-CHROMA-001,2025-05-15T06:13:19Z,328.9,2025-07-26T10:13:19Z,false
TEL-2026-000062,ccciw.sarah.robert@web.de,LUMA-FR-00001,CC-LUMA-002,2025-05-15T17:55:54Z,82.9,2025-08-08T02:55:54Z,true
TEL-2026-000063,ccciw.lea.becker@gmail.com,NOVA-DE-00017,CC-NOVA-002,2025-05-15T22:44:33Z,26.4,2025-07-30T11:44:33Z,true
TEL-2026-000064,ccciw.erik.kuhn@yahoo.com,LUMA-DE-00014,CC-LUMA-001,2025-05-16T15:49:39Z,176.5,2025-07-09T19:49:39Z,false
TEL-2026-000065,ccciw.lukas.peters@outlook.com,NOVA-DE-00018,CC-NOVA-001,2025-05-17T01:47:21Z,38.1,2025-06-22T13:47:21Z,true
TEL-2026-000066,ccciw.sophie.lehmann@gmail.com,LUMA-DE-00018,CC-LUMA-002,2025-05-17T03:11:23Z,76.9,2025-07-17T16:11:23Z,false
TEL-2026-000067,ccciw.lukas.moller@yahoo.com,CHROMA-DE-00012,CC-CHROMA-001,2025-05-17T22:19:58Z,16.6,2025-06-06T18:19:58Z,true
TEL-2026-000068,ccciw.lea.huber@yahoo.com,CHROMA-DE-00014,CC-CHROMA-002,2025-05-17T23:45:17Z,166.7,2025-08-13T23:45:17Z,false
TEL-2026-000069,ccciw.julia.lange@outlook.com,CHROMA-DE-00015,CC-CHROMA-001,2025-05-19T17:46:01Z,226.1,2025-11-11T19:46:01Z,true
TEL-2026-000070,ccciw.daan.mulder@web.de,NOVA-NL-00001,CC-NOVA-002,2025-05-19T22:35:42Z,241.0,2025-10-20T10:35:42Z,true
TEL-2026-000071,ccciw.sarah.lange@yahoo.com,NOVA-DE-00020,CC-NOVA-001,2025-05-20T19:58:13Z,357.4,2025-11-08T21:58:13Z,true
TEL-2026-000072,ccciw.moritz.lorenz@outlook.com,PRISM-DE-00006,CC-PRISM-002,2025-05-21T05:52:34Z,394.7,2026-01-19T23:52:34Z,true
TEL-2026-000073,ccciw.lena.hartmann@yahoo.com,LUMA-DE-00013,CC-LUMA-001,2025-05-21T11:14:40Z,84.5,2025-08-19T14:14:40Z,true
TEL-2026-000074,ccciw.emma.lang@t-online.de,NOVA-DE-00027,CC-NOVA-001,2025-05-21T16:11:32Z,218.9,2025-07-08T11:11:32Z,true
TEL-2026-000075,ccciw.tim.fischer@web.de,NOVA-DE-00021,CC-NOVA-002,2025-05-22T00:41:26Z,104.5,2025-07-30T05:41:26Z,true
TEL-2026-000076,ccciw.kathrin.muller@outlook.com,PRISM-DE-00013,CC-PRISM-001,2025-05-22T08:14:14Z,197.8,2025-07-11T10:14:14Z,true
TEL-2026-000077,ccciw.max.klein@t-online.de,NOVA-DE-00024,CC-NOVA-001,2025-05-22T10:30:58Z,170.9,2025-11-17T20:30:58Z,false
TEL-2026-000078,ccciw.sophie.moller@outlook.com,NOVA-DE-00023,CC-NOVA-002,2025-05-23T18:06:08Z,6.8,2025-07-10T00:06:08Z,false
TEL-2026-000079,ccciw.mia.kuhn@web.de,PRISM-DE-00014,CC-PRISM-001,2025-05-23T22:44:58Z,68.4,2025-07-26T06:44:58Z,false
TEL-2026-000080,ccciw.grace.taylor@t-online.de,PRISM-UK-00002,CC-PRISM-002,2025-05-24T03:59:29Z,104.5,2025-10-25T11:59:29Z,false
TEL-2026-000081,ccciw.niklas.werner@web.de,LUMA-DE-00019,CC-LUMA-001,2025-05-24T09:10:03Z,39.3,2025-07-03T21:10:03Z,false
TEL-2026-000082,ccciw.noah.klein@gmail.com,LUMA-DE-00017,CC-LUMA-001,2025-05-24T18:52:11Z,112.2,2025-07-01T08:52:11Z,true
TEL-2026-000083,ccciw.jana.lange@web.de,PRISM-DE-00016,CC-PRISM-001,2025-05-25T06:04:08Z,238.4,2026-01-12T07:04:08Z,false
TEL-2026-000084,ccciw.jan.klein@outlook.com,PRISM-DE-00008,CC-PRISM-001,2025-05-25T12:01:29Z,41.0,2025-09-24T15:01:29Z,false
TEL-2026-000085,ccciw.jonas.lang@web.de,PRISM-DE-00011,CC-PRISM-001,2025-05-26T00:21:40Z,419.8,2025-08-10T03:21:40Z,false
TEL-2026-000086,ccciw.paul.meier@yahoo.com,PRISM-DE-00018,CC-PRISM-002,2025-05-28T00:34:07Z,326.7,2025-11-01T20:34:07Z,false
TEL-2026-000087,ccciw.lisa.wagner@web.de,AURA-DE-00006,CC-AURA-001,2025-05-28T04:34:01Z,44.9,2025-07-29T19:34:01Z,true
TEL-2026-000088,ccciw.elena.martinez@yahoo.com,LUMA-ES-00001,CC-LUMA-001,2025-05-28T12:11:34Z,376.8,2026-01-12T15:11:34Z,true
TEL-2026-000089,ccciw.paul.meier@yahoo.com,NOVA-DE-00026,CC-NOVA-002,2025-05-30T02:11:12Z,29.2,2025-06-26T19:11:12Z,false
TEL-2026-000090,ccciw.erik.braun@gmx.de,NOVA-DE-00025,CC-NOVA-002,2025-05-30T16:44:54Z,62.2,2025-07-03T12:44:54Z,false
TEL-2026-000091,ccciw.marie.weber@outlook.com,AURA-DE-00008,CC-AURA-001,2025-06-01T16:01:41Z,19.4,2025-06-18T14:01:41Z,true
TEL-2026-000092,ccciw.max.neumann@gmx.de,CHROMA-DE-00016,CC-CHROMA-002,2025-06-03T12:57:18Z,62.2,2025-06-24T07:57:18Z,true
TEL-2026-000093,ccciw.nora.brunner@gmx.de,CHROMA-CH-00002,CC-CHROMA-002,2025-06-03T18:48:23Z,84.5,2025-11-07T08:48:23Z,false
TEL-2026-000094,ccciw.julia.lehmann@web.de,NOVA-DE-00031,CC-NOVA-002,2025-06-03T19:04:57Z,330.8,2025-10-04T08:04:57Z,true
TEL-2026-000095,ccciw.jan.weber@gmail.com,PRISM-DE-00019,CC-PRISM-001,2025-06-04T04:23:35Z,374.5,2025-09-30T06:23:35Z,false
TEL-2026-000096,ccciw.noa.devries@t-online.de,CHROMA-NL-00003,CC-CHROMA-002,2025-06-04T04:57:51Z,227.1,2025-07-20T02:57:51Z,false
TEL-2026-000097,ccciw.emma.kaiser@gmx.de,AURA-DE-00010,CC-AURA-001,2025-06-04T12:03:38Z,192.9,2025-12-01T11:03:38Z,false
TEL-2026-000098,ccciw.carlos.rodriguez@gmx.de,AURA-ES-00001,CC-AURA-001,2025-06-05T16:44:33Z,123.2,2025-07-31T02:44:33Z,false
TEL-2026-000099,ccciw.sarah.klein@gmx.de,LUMA-DE-00021,CC-LUMA-001,2025-06-05T19:21:29Z,177.5,2025-09-22T11:21:29Z,true
TEL-2026-000100,ccciw.noah.franke@outlook.com,CHROMA-DE-00019,CC-CHROMA-001,2025-06-06T03:05:24Z,164.1,2025-11-07T08:05:24Z,false
TEL-2026-000101,ccciw.felix.engel@web.de,NOVA-DE-00030,CC-NOVA-001,2025-06-07T09:00:21Z,107.6,2025-09-12T17:00:21Z,true
TEL-2026-000102,ccciw.noah.hartmann@web.de,LUMA-DE-00012,CC-LUMA-001,2025-06-08T21:49:53Z,40.4,2025-07-26T14:49:53Z,true
TEL-2026-000103,ccciw.jules.richard@yahoo.com,AURA-FR-00001,CC-AURA-001,2025-06-09T03:06:49Z,168.9,2025-11-25T02:06:49Z,true
TEL-2026-000104,ccciw.jules.petit@web.de,AURA-FR-00002,CC-AURA-001,2025-06-09T09:25:35Z,180.1,2026-01-26T13:25:35Z,true
TEL-2026-000105,ccciw.noah.meyer@outlook.com,NOVA-DE-00028,CC-NOVA-001,2025-06-09T14:13:24Z,70.5,2025-08-21T12:13:24Z,false
TEL-2026-000106,ccciw.sophie.meier@web.de,LUMA-DE-00027,CC-LUMA-001,2025-06-10T09:35:48Z,52.2,2025-11-04T18:35:48Z,true
TEL-2026-000107,ccciw.jana.schwarz@yahoo.com,LUMA-DE-00022,CC-LUMA-002,2025-06-11T11:13:31Z,13.5,2025-07-12T17:13:31Z,true
TEL-2026-000108,ccciw.jonas.wagner@gmx.de,AURA-DE-00009,CC-AURA-001,2025-06-11T15:54:25Z,46.7,2025-07-15T02:54:25Z,false
TEL-2026-000109,ccciw.max.wagner@gmail.com,LUMA-DE-00026,CC-LUMA-002,2025-06-12T08:58:25Z,44.0,2025-09-27T01:58:25Z,true
TEL-2026-000110,ccciw.tim.neumann@outlook.com,NOVA-DE-00029,CC-NOVA-002,2025-06-12T17:30:30Z,314.4,2025-11-01T08:30:30Z,false
TEL-2026-000111,ccciw.leon.lorenz@web.de,NOVA-DE-00036,CC-NOVA-002,2025-06-12T19:54:41Z,93.4,2025-07-16T05:54:41Z,false
TEL-2026-000112,ccciw.marlene.muller@gmx.de,LUMA-DE-00028,CC-LUMA-001,2025-06-16T08:23:52Z,160.4,2025-11-25T15:23:52Z,false
TEL-2026-000113,ccciw.nina.schroder@outlook.com,NOVA-DE-00038,CC-NOVA-002,2025-06-16T14:34:41Z,341.8,2026-01-05T02:34:41Z,false
TEL-2026-000114,ccciw.julia.huber@outlook.com,CHROMA-DE-00020,CC-CHROMA-001,2025-06-16T22:17:28Z,223.9,2025-08-29T10:17:28Z,true
TEL-2026-000115,ccciw.clara.becker@gmx.de,LUMA-DE-00025,CC-LUMA-002,2025-06-17T06:11:08Z,108.9,2025-11-22T05:11:08Z,true
TEL-2026-000116,ccciw.jan.widmer@gmx.de,PRISM-CH-00002,CC-PRISM-002,2025-06-17T21:25:21Z,41.7,2025-06-29T08:25:21Z,true
TEL-2026-000117,ccciw.david.richter@t-online.de,AURA-DE-00011,CC-AURA-001,2025-06-18T06:51:36Z,210.3,2025-10-16T07:51:36Z,true
TEL-2026-000118,ccciw.jana.lange@web.de,LUMA-DE-00024,CC-LUMA-002,2025-06-18T08:18:17Z,22.6,2025-08-01T07:18:17Z,false
TEL-2026-000119,ccciw.nina.richter@gmail.com,NOVA-DE-00032,CC-NOVA-002,2025-06-18T12:28:25Z,164.1,2025-08-18T12:28:25Z,false
TEL-2026-000120,ccciw.anna.kuhn@gmx.de,AURA-DE-00012,CC-AURA-001,2025-06-18T23:11:40Z,81.7,2025-12-05T23:11:40Z,true
TEL-2026-000121,ccciw.philipp.vogel@web.de,PRISM-DE-00026,CC-PRISM-002,2025-06-19T08:22:33Z,97.4,2025-07-21T06:22:33Z,true
TEL-2026-000122,ccciw.emma.hartmann@outlook.com,NOVA-DE-00037,CC-NOVA-002,2025-06-20T22:06:30Z,11.0,2025-08-03T14:06:30Z,false
TEL-2026-000123,ccciw.finn.schwarz@gmx.de,LUMA-DE-00023,CC-LUMA-002,2025-06-21T06:43:44Z,21.4,2025-08-16T19:43:44Z,false
TEL-2026-000124,ccciw.paul.schneider@gmail.com,LUMA-DE-00032,CC-LUMA-001,2025-06-21T14:44:41Z,68.7,2025-08-21T15:44:41Z,false
TEL-2026-000125,ccciw.fleur.bakker@gmx.de,NOVA-NL-00002,CC-NOVA-002,2025-06-21T22:51:31Z,166.5,2025-08-10T12:51:31Z,false
TEL-2026-000126,ccciw.kathrin.becker@t-online.de,LUMA-DE-00033,CC-LUMA-001,2025-06-22T03:39:10Z,78.7,2025-08-05T06:39:10Z,true
TEL-2026-000127,ccciw.tobias.huber@gmail.com,NOVA-AT-00001,CC-NOVA-002,2025-06-22T05:17:04Z,67.8,2025-07-22T14:17:04Z,true
TEL-2026-000128,ccciw.clara.becker@gmx.de,NOVA-DE-00033,CC-NOVA-001,2025-06-22T11:23:10Z,47.1,2025-11-15T10:23:10Z,false
TEL-2026-000129,ccciw.chloe.moreau@gmx.de,LUMA-FR-00002,CC-LUMA-001,2025-06-22T18:55:08Z,148.7,2025-08-30T16:55:08Z,false
TEL-2026-000130,ccciw.lea.lorenz@gmail.com,NOVA-DE-00034,CC-NOVA-002,2025-06-23T01:22:06Z,88.2,2025-10-01T20:22:06Z,false
TEL-2026-000131,ccciw.lukas.moller@yahoo.com,NOVA-DE-00039,CC-NOVA-002,2025-06-23T10:36:54Z,83.5,2025-11-22T06:36:54Z,false
TEL-2026-000132,ccciw.hannah.moser@web.de,CHROMA-AT-00002,CC-CHROMA-002,2025-06-23T18:26:25Z,31.1,2025-08-31T10:26:25Z,true
TEL-2026-000133,ccciw.marie.engel@gmx.de,NOVA-DE-00035,CC-NOVA-002,2025-06-24T01:23:03Z,68.3,2025-08-28T12:23:03Z,true
TEL-2026-000134,ccciw.max.krause@outlook.com,PRISM-DE-00023,CC-PRISM-002,2025-06-24T06:17:32Z,139.3,2025-11-26T14:17:32Z,true
TEL-2026-000135,ccciw.david.kuhn@yahoo.com,CHROMA-DE-00022,CC-CHROMA-002,2025-06-25T18:48:32Z,77.6,2025-08-07T10:48:32Z,false
TEL-2026-000136,ccciw.anna.meier@gmx.de,LUMA-DE-00034,CC-LUMA-001,2025-06-26T13:04:05Z,388.7,2025-09-02T03:04:05Z,false
TEL-2026-000137,ccciw.marie.franke@gmx.de,NOVA-DE-00041,CC-NOVA-002,2025-06-27T13:40:02Z,74.6,2025-08-30T03:40:02Z,true
TEL-2026-000138,ccciw.leon.klein@outlook.com,PRISM-DE-00017,CC-PRISM-001,2025-06-28T02:36:08Z,60.0,2025-11-12T07:36:08Z,true
TEL-2026-000139,ccciw.grace.wilson@t-online.de,LUMA-UK-00001,CC-LUMA-001,2025-06-28T03:38:21Z,179.3,2025-11-25T09:38:21Z,true
TEL-2026-000140,ccciw.finn.richter@gmail.com,LUMA-DE-00030,CC-LUMA-002,2025-06-28T14:39:26Z,201.3,2025-08-08T06:39:26Z,true
TEL-2026-000141,ccciw.sophie.meier@web.de,NOVA-DE-00040,CC-NOVA-002,2025-06-29T19:08:43Z,98.9,2025-11-02T10:08:43Z,false
TEL-2026-000142,ccciw.julia.klein@gmx.de,PRISM-DE-00024,CC-PRISM-001,2025-06-30T06:33:46Z,366.9,2026-01-11T12:33:46Z,false
TEL-2026-000143,ccciw.philipp.lange@gmx.de,CHROMA-DE-00023,CC-CHROMA-002,2025-06-30T12:47:47Z,190.1,2025-12-25T21:47:47Z,true
TEL-2026-000144,ccciw.marlene.lange@gmail.com,AURA-DE-00014,CC-AURA-001,2025-07-02T06:56:02Z,105.3,2025-10-30T03:56:02Z,false
TEL-2026-000145,ccciw.philipp.lange@gmx.de,AURA-DE-00013,CC-AURA-001,2025-07-02T14:09:55Z,71.4,2025-08-19T09:09:55Z,false
TEL-2026-000146,ccciw.nora.bieri@gmx.de,NOVA-CH-00004,CC-NOVA-001,2025-07-03T00:36:06Z,320.5,2026-01-30T07:36:06Z,true
TEL-2026-000147,ccciw.adrian.stalder@gmx.de,NOVA-CH-00005,CC-NOVA-001,2025-07-03T09:16:02Z,54.9,2025-08-26T05:16:02Z,true
TEL-2026-000148,ccciw.jonas.kaiser@t-online.de,LUMA-DE-00035,CC-LUMA-002,2025-07-05T09:37:20Z,57.9,2025-12-30T22:37:20Z,false
TEL-2026-000149,ccciw.sarah.hoffmann@gmail.com,PRISM-DE-00031,CC-PRISM-001,2025-07-05T22:11:35Z,60.3,2025-11-07T09:11:35Z,true
TEL-2026-000150,ccciw.lea.lorenz@gmail.com,PRISM-DE-00028,CC-PRISM-001,2025-07-05T23:34:35Z,72.0,2025-11-05T12:34:35Z,true
TEL-2026-000151,ccciw.marie.kruger@outlook.com,PRISM-DE-00033,CC-PRISM-001,2025-07-07T11:24:02Z,188.4,2025-11-13T10:24:02Z,false
TEL-2026-000152,ccciw.nina.richter@gmail.com,CHROMA-DE-00024,CC-CHROMA-002,2025-07-07T11:47:08Z,124.7,2025-12-02T08:47:08Z,true
TEL-2026-000153,ccciw.laura.lange@gmail.com,NOVA-DE-00043,CC-NOVA-002,2025-07-07T16:17:03Z,317.8,2025-10-30T14:17:03Z,true
TEL-2026-000154,ccciw.tim.klein@gmx.de,CHROMA-DE-00030,CC-CHROMA-002,2025-07-08T05:39:56Z,69.4,2025-09-17T14:39:56Z,true
TEL-2026-000155,ccciw.nina.keller@gmail.com,LUMA-CH-00001,CC-LUMA-002,2025-07-10T19:22:29Z,43.9,2025-10-03T13:22:29Z,true
TEL-2026-000156,ccciw.lea.durand@outlook.com,NOVA-FR-00002,CC-NOVA-001,2025-07-11T07:00:59Z,41.2,2025-08-26T18:00:59Z,true
TEL-2026-000157,ccciw.clara.koch@gmail.com,PRISM-DE-00027,CC-PRISM-001,2025-07-11T19:01:14Z,27.8,2025-08-02T07:01:14Z,true
TEL-2026-000158,ccciw.sem.visser@web.de,CHROMA-NL-00004,CC-CHROMA-001,2025-07-12T13:33:45Z,200.6,2025-08-29T15:33:45Z,false
TEL-2026-000159,ccciw.moritz.kruger@web.de,PRISM-DE-00035,CC-PRISM-001,2025-07-14T04:44:13Z,73.1,2025-08-25T08:44:13Z,false
TEL-2026-000160,ccciw.philipp.kaiser@web.de,NOVA-DE-00044,CC-NOVA-002,2025-07-14T17:29:58Z,355.4,2026-02-17T22:29:58Z,false
TEL-2026-000161,ccciw.tobias.franke@gmail.com,CHROMA-DE-00032,CC-CHROMA-001,2025-07-14T23:26:54Z,141.9,2025-09-18T22:26:54Z,false
TEL-2026-000162,ccciw.erik.wagner@gmail.com,CHROMA-DE-00027,CC-CHROMA-001,2025-07-15T09:15:48Z,191.5,2025-12-07T04:15:48Z,true
TEL-2026-000163,ccciw.anna.lorenz@gmail.com,LUMA-DE-00036,CC-LUMA-001,2025-07-15T16:41:14Z,39.8,2025-10-22T09:41:14Z,true
TEL-2026-000164,ccciw.melina.schroder@gmail.com,PRISM-DE-00034,CC-PRISM-001,2025-07-16T08:12:17Z,378.9,2025-12-02T21:12:17Z,true
TEL-2026-000165,ccciw.elena.martin@gmx.de,PRISM-ES-00001,CC-PRISM-002,2025-07-16T20:22:12Z,124.6,2025-08-12T10:22:12Z,false
TEL-2026-000166,ccciw.marie.engel@gmx.de,PRISM-DE-00036,CC-PRISM-002,2025-07-17T05:53:34Z,63.2,2025-08-20T12:53:34Z,true
TEL-2026-000167,ccciw.jana.schneider@t-online.de,NOVA-DE-00048,CC-NOVA-001,2025-07-17T10:34:44Z,350.6,2025-09-22T10:34:44Z,true
TEL-2026-000168,ccciw.marie.weber@outlook.com,PRISM-DE-00032,CC-PRISM-002,2025-07-18T00:18:29Z,191.2,2025-11-26T01:18:29Z,true
TEL-2026-000169,ccciw.sophie.richter@gmail.com,CHROMA-DE-00001,CC-CHROMA-002,2025-07-18T01:01:06Z,7.5,2025-08-26T17:01:06Z,false
TEL-2026-000170,ccciw.erik.lorenz@outlook.com,PRISM-DE-00030,CC-PRISM-002,2025-07-18T22:21:08Z,53.8,2025-09-04T21:21:08Z,true
TEL-2026-000171,ccciw.lukas.moller@yahoo.com,PRISM-DE-00029,CC-PRISM-001,2025-07-19T01:53:07Z,237.0,2025-11-17T21:53:07Z,false
TEL-2026-000172,ccciw.david.koch@gmail.com,LUMA-DE-00037,CC-LUMA-002,2025-07-19T17:39:49Z,32.6,2025-08-22T04:39:49Z,true
TEL-2026-000173,ccciw.julia.muller@gmail.com,CHROMA-DE-00026,CC-CHROMA-001,2025-07-20T07:21:38Z,128.1,2025-10-11T14:21:38Z,false
TEL-2026-000174,ccciw.marlene.lehmann@gmx.de,CHROMA-DE-00031,CC-CHROMA-001,2025-07-20T12:31:25Z,127.5,2025-09-16T06:31:25Z,true
TEL-2026-000175,ccciw.jan.winter@web.de,CHROMA-DE-00033,CC-CHROMA-001,2025-07-20T19:11:13Z,138.0,2025-09-22T21:11:13Z,true
TEL-2026-000176,ccciw.sarah.moller@gmail.com,NOVA-DE-00046,CC-NOVA-002,2025-07-21T11:02:31Z,151.2,2025-10-25T11:02:31Z,false
TEL-2026-000177,ccciw.david.werner@web.de,NOVA-DE-00045,CC-NOVA-002,2025-07-22T12:51:33Z,204.5,2025-09-06T14:51:33Z,true
TEL-2026-000178,ccciw.niklas.lang@t-online.de,CHROMA-DE-00034,CC-CHROMA-001,2025-07-22T18:37:39Z,18.4,2025-08-26T01:37:39Z,false
TEL-2026-000179,ccciw.lisa.lange@gmx.de,CHROMA-DE-00029,CC-CHROMA-002,2025-07-22T20:45:30Z,80.2,2025-10-27T05:45:30Z,true
TEL-2026-000180,ccciw.kathrin.wolf@gmail.com,NOVA-DE-00049,CC-NOVA-001,2025-07-23T01:43:17Z,135.3,2025-09-10T06:43:17Z,false
TEL-2026-000181,ccciw.david.kuhn@yahoo.com,PRISM-DE-00025,CC-PRISM-002,2025-07-23T02:12:40Z,56.1,2025-12-14T15:12:40Z,true
TEL-2026-000182,ccciw.katharina.gruber@t-online.de,LUMA-AT-00002,CC-LUMA-001,2025-07-24T16:13:02Z,41.6,2025-09-04T11:13:02Z,false
TEL-2026-000183,ccciw.sarah.richter@gmail.com,PRISM-DE-00022,CC-PRISM-001,2025-07-24T17:31:42Z,35.8,2025-10-18T17:31:42Z,true
TEL-2026-000184,ccciw.jan.klein@outlook.com,AURA-DE-00015,CC-AURA-001,2025-07-26T00:32:43Z,66.9,2025-12-02T21:32:43Z,true
TEL-2026-000185,ccciw.tobias.schneider@outlook.com,CHROMA-DE-00028,CC-CHROMA-002,2025-07-26T13:13:15Z,146.0,2025-10-27T21:13:15Z,false
TEL-2026-000186,ccciw.emily.smith@outlook.com,CHROMA-UK-00001,CC-CHROMA-001,2025-07-27T05:30:14Z,144.0,2026-01-04T08:30:14Z,true
TEL-2026-000187,ccciw.paul.schneider@gmail.com,LUMA-DE-00039,CC-LUMA-002,2025-07-27T18:01:18Z,28.7,2025-08-13T23:01:18Z,true
TEL-2026-000188,ccciw.jonas.schmitz@gmail.com,PRISM-DE-00012,CC-PRISM-001,2025-07-29T06:42:16Z,283.5,2026-03-14T07:42:16Z,false
TEL-2026-000189,ccciw.julia.schmitz@yahoo.com,LUMA-DE-00038,CC-LUMA-001,2025-07-30T11:43:41Z,35.7,2025-09-22T10:43:41Z,true
TEL-2026-000190,ccciw.anna.braun@outlook.com,PRISM-DE-00037,CC-PRISM-001,2025-08-01T12:34:23Z,57.8,2025-12-06T23:34:23Z,true
TEL-2026-000191,ccciw.finn.schwarz@gmx.de,CHROMA-DE-00037,CC-CHROMA-002,2025-08-03T00:13:32Z,165.8,2025-10-02T03:13:32Z,true
TEL-2026-000192,ccciw.kathrin.kuhn@web.de,CHROMA-DE-00036,CC-CHROMA-002,2025-08-03T17:25:58Z,19.4,2025-09-06T04:25:58Z,true
TEL-2026-000193,ccciw.bram.dejong@gmx.de,AURA-NL-00002,CC-AURA-001,2025-08-05T18:43:09Z,188.8,2025-11-23T22:43:09Z,true
TEL-2026-000194,ccciw.katharina.gruber@t-online.de,NOVA-AT-00003,CC-NOVA-002,2025-08-06T06:02:57Z,90.7,2025-08-29T21:02:57Z,false
TEL-2026-000195,ccciw.sarah.klein@gmx.de,AURA-DE-00016,CC-AURA-001,2025-08-06T08:24:06Z,180.8,2026-01-18T00:24:06Z,false
TEL-2026-000196,ccciw.lena.muller@outlook.com,AURA-DE-00018,CC-AURA-001,2025-08-06T17:37:11Z,206.9,2025-11-02T01:37:11Z,false
TEL-2026-000197,ccciw.lea.braun@gmail.com,PRISM-DE-00040,CC-PRISM-001,2025-08-06T19:06:06Z,103.9,2025-11-23T01:06:06Z,false
TEL-2026-000198,ccciw.jana.lange@web.de,LUMA-DE-00040,CC-LUMA-001,2025-08-07T02:31:52Z,9.3,2025-09-26T06:31:52Z,true
TEL-2026-000199,ccciw.mia.kuhn@web.de,CHROMA-DE-00040,CC-CHROMA-002,2025-08-07T07:03:53Z,62.9,2026-01-15T11:03:53Z,true
TEL-2026-000200,ccciw.felix.meyer@gmail.com,LUMA-DE-00029,CC-LUMA-002,2025-08-07T08:03:02Z,38.6,2025-08-31T17:03:02Z,true
TEL-2026-000201,ccciw.noa.jansen@outlook.com,NOVA-NL-00003,CC-NOVA-001,2025-08-08T05:43:38Z,100.6,2025-08-30T22:43:38Z,false
TEL-2026-000202,ccciw.lena.hartmann@yahoo.com,NOVA-DE-00053,CC-NOVA-001,2025-08-08T09:06:58Z,355.8,2026-01-26T23:06:58Z,true
TEL-2026-000203,ccciw.daan.mulder@web.de,AURA-NL-00001,CC-AURA-001,2025-08-08T09:19:03Z,156.6,2026-01-28T22:19:03Z,true
TEL-2026-000204,ccciw.tobias.wolf@web.de,CHROMA-DE-00041,CC-CHROMA-001,2025-08-08T17:47:42Z,112.8,2026-01-25T18:47:42Z,true
TEL-2026-000205,ccciw.tobias.meier@yahoo.com,NOVA-DE-00051,CC-NOVA-002,2025-08-09T06:52:41Z,170.7,2025-11-10T12:52:41Z,true
TEL-2026-000206,ccciw.niklas.lorenz@yahoo.com,CHROMA-DE-00038,CC-CHROMA-002,2025-08-10T04:06:05Z,157.2,2025-09-12T19:06:05Z,true
TEL-2026-000207,ccciw.leon.weber@outlook.com,PRISM-DE-00041,CC-PRISM-002,2025-08-10T09:02:43Z,148.3,2025-11-19T15:02:43Z,true
TEL-2026-000208,ccciw.sebastian.meyer@outlook.com,CHROMA-DE-00045,CC-CHROMA-001,2025-08-10T19:26:53Z,130.5,2025-09-06T02:26:53Z,false
TEL-2026-000209,ccciw.clara.lorenz@web.de,LUMA-DE-00041,CC-LUMA-001,2025-08-11T00:16:02Z,68.9,2025-11-22T21:16:02Z,true
TEL-2026-000210,ccciw.lena.neumann@web.de,CHROMA-DE-00043,CC-CHROMA-002,2025-08-12T02:28:56Z,70.3,2026-01-27T17:28:56Z,true
TEL-2026-000211,ccciw.tobias.wolf@web.de,AURA-DE-00022,CC-AURA-001,2025-08-12T05:17:42Z,126.2,2025-11-23T02:17:42Z,true
TEL-2026-000212,ccciw.nina.zurbuchen@gmail.com,NOVA-CH-00003,CC-NOVA-002,2025-08-13T03:57:58Z,32.9,2025-09-04T16:57:58Z,true
TEL-2026-000213,ccciw.jonas.vogel@yahoo.com,PRISM-DE-00039,CC-PRISM-002,2025-08-13T09:55:09Z,60.2,2025-11-17T01:55:09Z,true
TEL-2026-000214,ccciw.tobias.huber@gmail.com,LUMA-AT-00003,CC-LUMA-002,2025-08-13T15:40:07Z,350.2,2026-02-22T01:40:07Z,true
TEL-2026-000215,ccciw.leon.schmidt@gmail.com,CHROMA-DE-00039,CC-CHROMA-001,2025-08-13T22:12:03Z,49.0,2025-09-04T00:12:03Z,true
TEL-2026-000216,ccciw.niklas.lehmann@web.de,NOVA-DE-00052,CC-NOVA-002,2025-08-14T17:01:32Z,77.5,2025-11-05T15:01:32Z,true
TEL-2026-000217,ccciw.laura.hoffmann@web.de,CHROMA-DE-00044,CC-CHROMA-002,2025-08-14T21:24:07Z,149.4,2025-12-09T18:24:07Z,true
TEL-2026-000218,ccciw.lisa.schneider@outlook.com,NOVA-DE-00055,CC-NOVA-001,2025-08-16T05:43:12Z,245.6,2026-04-04T23:59:59Z,false
TEL-2026-000219,ccciw.philipp.vogel@web.de,AURA-DE-00020,CC-AURA-001,2025-08-16T09:11:58Z,280.1,2025-11-16T17:11:58Z,true
TEL-2026-000220,ccciw.javier.rodriguez@gmail.com,PRISM-ES-00002,CC-PRISM-001,2025-08-16T13:07:02Z,80.9,2025-11-09T01:07:02Z,true
TEL-2026-000221,ccciw.lea.schroder@outlook.com,AURA-DE-00019,CC-AURA-001,2025-08-17T04:42:07Z,97.3,2025-09-26T11:42:07Z,false
TEL-2026-000222,ccciw.niklas.peters@yahoo.com,CHROMA-DE-00021,CC-CHROMA-002,2025-08-17T18:01:19Z,53.7,2025-09-28T19:01:19Z,true
TEL-2026-000223,ccciw.lea.moller@gmail.com,LUMA-DE-00042,CC-LUMA-002,2025-08-18T12:23:58Z,147.2,2025-11-03T01:23:58Z,false
TEL-2026-000224,ccciw.tim.neumann@outlook.com,PRISM-DE-00043,CC-PRISM-001,2025-08-19T02:51:38Z,196.9,2026-01-13T07:51:38Z,false
TEL-2026-000225,ccciw.philipp.kaiser@web.de,AURA-DE-00023,CC-AURA-001,2025-08-20T06:58:13Z,38.1,2025-10-23T16:58:13Z,true
TEL-2026-000226,ccciw.finn.schwarz@gmx.de,PRISM-DE-00046,CC-PRISM-002,2025-08-22T16:47:43Z,99.2,2026-02-15T16:47:43Z,true
TEL-2026-000227,ccciw.sarah.schmitz@gmx.de,CHROMA-DE-00009,CC-CHROMA-001,2025-08-22T19:03:26Z,24.6,2025-09-15T06:03:26Z,false
TEL-2026-000228,ccciw.jules.richard@yahoo.com,PRISM-FR-00002,CC-PRISM-002,2025-08-22T19:53:11Z,37.8,2025-09-19T21:53:11Z,true
TEL-2026-000229,ccciw.chloe.moreau@gmx.de,CHROMA-FR-00002,CC-CHROMA-001,2025-08-23T01:26:01Z,76.0,2025-09-23T08:26:01Z,true
TEL-2026-000230,ccciw.julia.klein@gmx.de,PRISM-DE-00047,CC-PRISM-002,2025-08-23T11:12:55Z,49.7,2025-10-09T05:12:55Z,true
TEL-2026-000231,ccciw.jakob.huber@gmail.com,CHROMA-AT-00003,CC-CHROMA-001,2025-08-23T17:44:44Z,226.4,2025-10-17T10:44:44Z,true
TEL-2026-000232,ccciw.moritz.lorenz@outlook.com,CHROMA-DE-00046,CC-CHROMA-002,2025-08-23T20:41:54Z,199.0,2025-09-25T07:41:54Z,false
TEL-2026-000233,ccciw.lucia.ruiz@outlook.com,PRISM-ES-00003,CC-PRISM-002,2025-08-24T00:01:34Z,32.8,2025-11-05T02:01:34Z,false
TEL-2026-000234,ccciw.david.kruger@gmx.de,AURA-DE-00021,CC-AURA-001,2025-08-25T18:04:16Z,138.8,2025-10-04T14:04:16Z,true
TEL-2026-000235,ccciw.philipp.huber@outlook.com,PRISM-DE-00048,CC-PRISM-002,2025-08-26T08:36:41Z,57.8,2025-10-14T14:36:41Z,false
TEL-2026-000236,ccciw.laura.lange@gmail.com,CHROMA-DE-00049,CC-CHROMA-002,2025-08-26T20:37:22Z,66.2,2025-09-28T08:37:22Z,false
TEL-2026-000237,ccciw.noah.franke@outlook.com,NOVA-DE-00057,CC-NOVA-002,2025-08-27T01:20:08Z,163.7,2026-01-15T01:20:08Z,false
TEL-2026-000238,ccciw.felix.winter@gmail.com,NOVA-DE-00056,CC-NOVA-002,2025-08-27T20:29:16Z,126.2,2026-02-20T03:29:16Z,true
TEL-2026-000239,ccciw.max.schroder@outlook.com,NOVA-DE-00054,CC-NOVA-002,2025-08-28T10:48:06Z,40.8,2025-12-09T08:48:06Z,true
TEL-2026-000240,ccciw.hannah.leitner@gmail.com,NOVA-AT-00004,CC-NOVA-001,2025-08-30T01:59:43Z,4.6,2025-10-03T13:59:43Z,false
TEL-2026-000241,ccciw.melina.schroder@gmail.com,NOVA-DE-00011,CC-NOVA-001,2025-08-30T06:22:34Z,83.2,2025-12-12T17:22:34Z,false
TEL-2026-000242,ccciw.jana.schneider@t-online.de,CHROMA-DE-00047,CC-CHROMA-002,2025-08-31T17:35:15Z,117.6,2025-10-01T18:35:15Z,true
TEL-2026-000243,ccciw.julia.klein@gmx.de,PRISM-DE-00024,CC-PRISM-001,2025-08-31T21:46:55Z,168.7,2026-04-04T23:59:59Z,true
TEL-2026-000244,ccciw.jules.richard@yahoo.com,LUMA-FR-00003,CC-LUMA-002,2025-09-01T21:17:32Z,50.4,2025-11-30T13:17:32Z,false
TEL-2026-000245,ccciw.tobias.koch@gmail.com,PRISM-DE-00045,CC-PRISM-001,2025-09-02T10:58:26Z,149.9,2026-02-08T19:58:26Z,false
TEL-2026-000246,ccciw.jan.weber@gmail.com,NOVA-DE-00058,CC-NOVA-002,2025-09-03T20:02:01Z,181.0,2025-11-20T02:02:01Z,true
TEL-2026-000247,ccciw.max.neumann@gmx.de,LUMA-DE-00047,CC-LUMA-001,2025-09-04T02:00:59Z,19.4,2025-09-11T21:00:59Z,true
TEL-2026-000248,ccciw.mara.luthi@gmx.de,LUMA-CH-00002,CC-LUMA-002,2025-09-04T10:59:41Z,192.5,2026-03-14T17:59:41Z,true
TEL-2026-000249,ccciw.jonas.vogel@yahoo.com,LUMA-DE-00051,CC-LUMA-001,2025-09-05T14:56:51Z,259.4,2026-01-04T05:56:51Z,false
TEL-2026-000250,ccciw.niklas.meier@gmail.com,CHROMA-DE-00052,CC-CHROMA-001,2025-09-05T21:57:32Z,68.6,2026-01-07T02:57:32Z,false
TEL-2026-000251,ccciw.marie.schwarz@web.de,PRISM-DE-00052,CC-PRISM-001,2025-09-05T23:11:22Z,236.0,2026-01-26T01:11:22Z,true
TEL-2026-000252,ccciw.philipp.becker@gmail.com,LUMA-DE-00044,CC-LUMA-002,2025-09-06T22:03:22Z,51.9,2025-11-01T09:03:22Z,true
TEL-2026-000253,ccciw.finn.schwarz@gmx.de,LUMA-DE-00043,CC-LUMA-001,2025-09-07T00:58:01Z,291.7,2026-03-30T23:58:01Z,false
TEL-2026-000254,ccciw.nora.bieri@gmx.de,NOVA-CH-00006,CC-NOVA-002,2025-09-07T04:50:14Z,55.1,2025-10-27T23:50:14Z,true
TEL-2026-000255,ccciw.kathrin.meyer@gmail.com,LUMA-DE-00046,CC-LUMA-002,2025-09-07T19:54:14Z,262.5,2025-11-15T15:54:14Z,true
TEL-2026-000256,ccciw.felix.lorenz@gmail.com,LUMA-DE-00052,CC-LUMA-001,2025-09-07T21:29:51Z,53.4,2026-01-28T17:29:51Z,true
TEL-2026-000257,ccciw.pablo.ruiz@web.de,CHROMA-ES-00001,CC-CHROMA-001,2025-09-08T06:53:09Z,22.1,2025-10-17T10:53:09Z,true
TEL-2026-000258,ccciw.emily.smith@outlook.com,PRISM-UK-00001,CC-PRISM-002,2025-09-08T08:35:45Z,180.6,2025-10-27T08:35:45Z,false
TEL-2026-000259,ccciw.melina.kaiser@web.de,CHROMA-DE-00051,CC-CHROMA-002,2025-09-09T14:38:16Z,26.8,2025-11-06T11:38:16Z,false
TEL-2026-000260,ccciw.ben.winter@web.de,NOVA-DE-00061,CC-NOVA-002,2025-09-09T16:53:11Z,195.5,2026-01-28T03:53:11Z,true
TEL-2026-000261,ccciw.hannah.wolf@gmx.de,LUMA-DE-00045,CC-LUMA-002,2025-09-09T19:20:18Z,224.9,2025-12-22T04:20:18Z,true
TEL-2026-000262,ccciw.melina.werner@outlook.com,LUMA-DE-00050,CC-LUMA-002,2025-09-09T21:43:57Z,70.6,2026-02-27T09:43:57Z,false
TEL-2026-000263,ccciw.lina.keller@web.de,PRISM-CH-00003,CC-PRISM-001,2025-09-10T02:41:43Z,65.2,2025-10-26T13:41:43Z,false
TEL-2026-000264,ccciw.philipp.peters@gmail.com,PRISM-DE-00051,CC-PRISM-001,2025-09-12T02:45:20Z,333.7,2025-11-27T00:45:20Z,true
TEL-2026-000265,ccciw.lea.becker@gmail.com,LUMA-DE-00055,CC-LUMA-001,2025-09-12T09:34:24Z,78.1,2025-10-31T17:34:24Z,true
TEL-2026-000266,ccciw.max.engel@t-online.de,NOVA-DE-00059,CC-NOVA-002,2025-09-14T03:31:47Z,120.1,2025-11-20T10:31:47Z,false
TEL-2026-000267,ccciw.nadine.eder@gmail.com,CHROMA-AT-00006,CC-CHROMA-002,2025-09-14T13:33:13Z,203.3,2025-12-24T06:33:13Z,false
TEL-2026-000268,ccciw.marie.moller@gmx.de,AURA-DE-00028,CC-AURA-001,2025-09-14T14:02:18Z,181.7,2026-01-09T02:02:18Z,true
TEL-2026-000269,ccciw.laura.lang@yahoo.com,PRISM-DE-00049,CC-PRISM-001,2025-09-15T13:06:54Z,45.7,2025-11-05T20:06:54Z,true
TEL-2026-000270,ccciw.max.schmitz@yahoo.com,PRISM-DE-00057,CC-PRISM-002,2025-09-15T17:27:00Z,281.2,2026-04-04T23:59:59Z,true
TEL-2026-000271,ccciw.emma.hartmann@outlook.com,AURA-DE-00026,CC-AURA-001,2025-09-15T17:54:43Z,170.8,2026-04-04T23:59:59Z,false
TEL-2026-000272,ccciw.emily.thomas@web.de,NOVA-UK-00002,CC-NOVA-002,2025-09-15T19:12:25Z,225.3,2025-12-02T18:12:25Z,true
TEL-2026-000273,ccciw.erik.lang@outlook.com,PRISM-DE-00056,CC-PRISM-001,2025-09-16T15:48:38Z,95.9,2025-10-23T04:48:38Z,false
TEL-2026-000274,ccciw.mara.luthi@gmx.de,AURA-CH-00002,CC-AURA-001,2025-09-16T16:54:07Z,56.1,2026-03-08T06:54:07Z,false
TEL-2026-000275,ccciw.leon.meyer@yahoo.com,NOVA-DE-00063,CC-NOVA-002,2025-09-17T00:15:40Z,284.8,2026-03-01T20:15:40Z,true
TEL-2026-000276,ccciw.sebastian.lang@gmx.de,LUMA-DE-00048,CC-LUMA-001,2025-09-17T21:54:01Z,215.1,2026-01-04T20:54:01Z,false
TEL-2026-000277,ccciw.jonas.kaiser@t-online.de,NOVA-DE-00060,CC-NOVA-001,2025-09-18T04:33:49Z,64.7,2025-11-08T09:33:49Z,false
TEL-2026-000278,ccciw.sebastian.lang@gmx.de,LUMA-DE-00053,CC-LUMA-002,2025-09-18T18:59:01Z,164.7,2025-12-01T22:59:01Z,false
TEL-2026-000279,ccciw.kathrin.kuhn@web.de,LUMA-DE-00054,CC-LUMA-002,2025-09-19T06:20:40Z,45.8,2025-12-22T04:20:40Z,false
TEL-2026-000280,ccciw.tim.meyer@gmail.com,NOVA-DE-00068,CC-NOVA-001,2025-09-21T10:03:09Z,188.1,2025-10-22T02:03:09Z,true
TEL-2026-000281,ccciw.nora.bieri@gmx.de,PRISM-CH-00005,CC-PRISM-001,2025-09-22T19:15:32Z,38.6,2025-11-24T08:15:32Z,true
TEL-2026-000282,ccciw.philipp.schroder@t-online.de,PRISM-DE-00020,CC-PRISM-001,2025-09-23T14:07:49Z,112.6,2025-12-02T19:07:49Z,true
TEL-2026-000283,ccciw.noah.wagner@gmail.com,CHROMA-DE-00056,CC-CHROMA-001,2025-09-24T09:19:32Z,33.1,2025-12-19T14:19:32Z,true
TEL-2026-000284,ccciw.tobias.huber@gmail.com,AURA-AT-00004,CC-AURA-001,2025-09-25T02:44:01Z,49.1,2025-12-02T20:44:01Z,true
TEL-2026-000285,ccciw.jonas.krause@web.de,NOVA-DE-00072,CC-NOVA-001,2025-09-25T02:52:03Z,98.9,2026-01-27T07:52:03Z,false
TEL-2026-000286,ccciw.kathrin.wagner@web.de,NOVA-DE-00065,CC-NOVA-002,2025-09-25T17:37:28Z,8.5,2025-11-10T11:37:28Z,true
TEL-2026-000287,ccciw.finn.kaiser@gmail.com,PRISM-DE-00054,CC-PRISM-002,2025-09-26T10:06:18Z,59.0,2026-01-19T04:06:18Z,true
TEL-2026-000288,ccciw.sarah.lange@yahoo.com,AURA-DE-00029,CC-AURA-001,2025-09-26T18:58:05Z,384.9,2025-11-27T01:58:05Z,true
TEL-2026-000289,ccciw.ben.engel@gmail.com,LUMA-DE-00056,CC-LUMA-002,2025-09-26T20:49:12Z,113.7,2025-12-09T04:49:12Z,true
TEL-2026-000290,ccciw.kathrin.winter@outlook.com,NOVA-DE-00066,CC-NOVA-001,2025-09-27T04:28:04Z,150.2,2025-11-13T06:28:04Z,true
TEL-2026-000291,ccciw.elena.martinez@yahoo.com,PRISM-ES-00004,CC-PRISM-002,2025-09-27T05:44:41Z,77.5,2025-12-04T12:44:41Z,true
TEL-2026-000292,ccciw.theresa.pichler@gmail.com,PRISM-AT-00001,CC-PRISM-001,2025-09-27T09:48:20Z,401.6,2026-01-09T12:48:20Z,true
TEL-2026-000293,ccciw.leon.becker@gmx.de,PRISM-DE-00063,CC-PRISM-002,2025-09-28T18:47:09Z,18.7,2025-11-05T07:47:09Z,true
TEL-2026-000294,ccciw.julia.schmitz@yahoo.com,PRISM-DE-00060,CC-PRISM-002,2025-09-29T08:37:16Z,178.5,2025-12-25T01:37:16Z,true
TEL-2026-000295,ccciw.emma.meyer@gmail.com,NOVA-DE-00067,CC-NOVA-002,2025-09-30T04:00:37Z,73.6,2025-12-21T12:00:37Z,false
TEL-2026-000296,ccciw.tobias.franke@gmail.com,AURA-DE-00030,CC-AURA-001,2025-09-30T05:47:30Z,217.4,2026-02-24T13:47:30Z,false
TEL-2026-000297,ccciw.jan.franke@gmail.com,NOVA-DE-00073,CC-NOVA-002,2025-09-30T19:41:54Z,172.6,2026-01-16T02:41:54Z,false
TEL-2026-000298,ccciw.lotte.deboer@gmx.de,PRISM-NL-00001,CC-PRISM-002,2025-10-01T02:23:09Z,144.6,2026-03-02T18:23:09Z,true
TEL-2026-000299,ccciw.philipp.schroder@t-online.de,AURA-DE-00031,CC-AURA-001,2025-10-01T08:08:38Z,349.7,2026-02-07T15:08:38Z,false
TEL-2026-000300,ccciw.tim.meyer@gmail.com,NOVA-DE-00004,CC-NOVA-002,2025-10-01T23:20:09Z,168.1,2025-12-13T16:20:09Z,false
TEL-2026-000301,ccciw.ben.neumann@gmail.com,LUMA-DE-00062,CC-LUMA-001,2025-10-02T23:03:27Z,195.2,2026-01-14T04:03:27Z,true
TEL-2026-000302,ccciw.sarah.hoffmann@gmail.com,LUMA-DE-00057,CC-LUMA-001,2025-10-02T23:07:27Z,188.5,2025-11-10T01:07:27Z,true
TEL-2026-000303,ccciw.jesse.visser@gmx.de,PRISM-NL-00002,CC-PRISM-001,2025-10-03T14:23:55Z,71.3,2026-03-10T11:23:55Z,false
TEL-2026-000304,ccciw.david.huber@t-online.de,LUMA-DE-00061,CC-LUMA-002,2025-10-03T23:44:33Z,159.9,2026-01-25T10:44:33Z,true
TEL-2026-000305,ccciw.luca.widmer@web.de,PRISM-CH-00004,CC-PRISM-002,2025-10-04T08:02:29Z,192.1,2025-11-19T21:02:29Z,false
TEL-2026-000306,ccciw.mia.kruger@gmail.com,NOVA-DE-00071,CC-NOVA-002,2025-10-04T20:23:27Z,79.7,2026-02-23T13:23:27Z,false
TEL-2026-000307,ccciw.jana.krause@web.de,NOVA-DE-00074,CC-NOVA-002,2025-10-05T00:22:16Z,105.8,2026-01-16T05:22:16Z,true
TEL-2026-000308,ccciw.anna.lehmann@gmx.de,CHROMA-DE-00058,CC-CHROMA-002,2025-10-06T12:55:31Z,107.6,2026-01-20T06:55:31Z,true
TEL-2026-000309,ccciw.tobias.schneider@outlook.com,NOVA-DE-00070,CC-NOVA-001,2025-10-07T13:42:23Z,226.2,2026-03-23T06:42:23Z,false
TEL-2026-000310,ccciw.jonas.winter@t-online.de,NOVA-DE-00069,CC-NOVA-002,2025-10-08T14:40:07Z,173.6,2026-02-10T04:40:07Z,true
TEL-2026-000311,ccciw.finn.schwarz@gmx.de,PRISM-DE-00059,CC-PRISM-001,2025-10-08T17:21:16Z,46.2,2025-12-13T21:21:16Z,true
TEL-2026-000312,ccciw.verena.auer@gmail.com,LUMA-AT-00004,CC-LUMA-002,2025-10-09T03:34:57Z,51.7,2025-12-20T08:34:57Z,false
TEL-2026-000313,ccciw.lea.durand@outlook.com,LUMA-FR-00004,CC-LUMA-001,2025-10-09T20:49:22Z,250.0,2026-04-04T23:59:59Z,true
TEL-2026-000314,ccciw.sophie.huber@t-online.de,LUMA-DE-00059,CC-LUMA-001,2025-10-10T19:40:53Z,218.6,2026-03-27T02:40:53Z,false
TEL-2026-000315,ccciw.tobias.neumann@gmail.com,LUMA-DE-00049,CC-LUMA-002,2025-10-12T04:47:31Z,46.1,2025-12-26T07:47:31Z,true
TEL-2026-000316,ccciw.philipp.richter@t-online.de,CHROMA-DE-00059,CC-CHROMA-002,2025-10-12T17:11:19Z,37.8,2026-01-04T20:11:19Z,true
TEL-2026-000317,ccciw.camille.robert@gmail.com,NOVA-FR-00003,CC-NOVA-001,2025-10-12T17:30:47Z,103.2,2025-11-10T01:30:47Z,false
TEL-2026-000318,ccciw.jack.williams@outlook.com,LUMA-UK-00002,CC-LUMA-001,2025-10-12T19:09:24Z,255.2,2026-04-04T23:59:59Z,false
TEL-2026-000319,ccciw.niklas.lehmann@web.de,PRISM-DE-00044,CC-PRISM-001,2025-10-13T00:04:00Z,5.6,2025-12-12T00:04:00Z,false
TEL-2026-000320,ccciw.noah.hartmann@web.de,PRISM-DE-00062,CC-PRISM-001,2025-10-13T11:11:43Z,44.2,2025-12-31T02:11:43Z,true
TEL-2026-000321,ccciw.philipp.schroder@t-online.de,NOVA-DE-00075,CC-NOVA-001,2025-10-13T20:37:46Z,104.0,2025-11-17T22:37:46Z,false
TEL-2026-000322,ccciw.julia.klein@gmx.de,NOVA-DE-00064,CC-NOVA-001,2025-10-14T02:29:43Z,51.0,2025-11-15T23:29:43Z,true
TEL-2026-000323,ccciw.leon.huber@t-online.de,CHROMA-DE-00057,CC-CHROMA-002,2025-10-14T22:25:03Z,214.6,2025-12-20T08:25:03Z,true
TEL-2026-000324,ccciw.finn.krause@web.de,PRISM-DE-00064,CC-PRISM-001,2025-10-15T06:05:22Z,39.8,2025-11-14T02:05:22Z,true
TEL-2026-000325,ccciw.jonas.wagner@gmx.de,PRISM-DE-00066,CC-PRISM-001,2025-10-15T08:10:45Z,234.3,2026-01-03T20:10:45Z,false
TEL-2026-000326,ccciw.lea.braun@gmail.com,PRISM-DE-00058,CC-PRISM-002,2025-10-15T08:22:27Z,390.0,2026-03-20T02:22:27Z,true
TEL-2026-000327,ccciw.leon.schmidt@gmail.com,AURA-DE-00034,CC-AURA-001,2025-10-16T04:49:57Z,102.1,2026-01-26T01:49:57Z,true
TEL-2026-000328,ccciw.jana.schwarz@yahoo.com,PRISM-DE-00065,CC-PRISM-001,2025-10-16T12:49:05Z,192.5,2025-12-05T10:49:05Z,true
TEL-2026-000329,ccciw.ben.kuhn@outlook.com,LUMA-DE-00065,CC-LUMA-001,2025-10-17T03:32:46Z,100.2,2025-12-05T16:32:46Z,false
TEL-2026-000330,ccciw.pascal.brunner@web.de,PRISM-CH-00006,CC-PRISM-001,2025-10-17T14:53:19Z,147.5,2026-02-03T09:53:19Z,true
TEL-2026-000331,ccciw.george.davies@web.de,NOVA-UK-00003,CC-NOVA-002,2025-10-19T10:59:25Z,159.7,2025-12-13T15:59:25Z,false
TEL-2026-000332,ccciw.niklas.lorenz@yahoo.com,NOVA-DE-00077,CC-NOVA-001,2025-10-19T21:43:17Z,38.2,2025-12-11T08:43:17Z,true
TEL-2026-000333,ccciw.nina.schroder@outlook.com,PRISM-DE-00071,CC-PRISM-002,2025-10-20T03:11:17Z,35.2,2025-11-28T09:11:17Z,true
TEL-2026-000334,ccciw.ben.schmidt@gmx.de,CHROMA-DE-00064,CC-CHROMA-002,2025-10-20T13:13:43Z,90.1,2025-12-29T13:13:43Z,true
TEL-2026-000335,ccciw.anna.kuhn@gmx.de,PRISM-DE-00067,CC-PRISM-002,2025-10-21T01:28:26Z,122.8,2026-04-04T19:28:26Z,false
TEL-2026-000336,ccciw.melina.krause@outlook.com,PRISM-DE-00072,CC-PRISM-002,2025-10-21T18:17:02Z,34.8,2025-11-30T01:17:02Z,true
TEL-2026-000337,ccciw.marlene.huber@web.de,AURA-DE-00032,CC-AURA-001,2025-10-22T12:41:11Z,21.9,2026-01-31T23:59:59Z,false
TEL-2026-000338,ccciw.emma.kaiser@gmx.de,CHROMA-DE-00065,CC-CHROMA-001,2025-10-22T15:25:17Z,37.3,2025-12-06T15:25:17Z,false
TEL-2026-000339,ccciw.nina.muller@gmail.com,AURA-DE-00033,CC-AURA-001,2025-10-22T21:31:37Z,92.4,2026-01-11T16:31:37Z,true
TEL-2026-000340,ccciw.bram.dejong@gmx.de,NOVA-NL-00004,CC-NOVA-002,2025-10-22T22:44:00Z,339.1,2026-02-25T01:44:00Z,false
TEL-2026-000341,ccciw.lukas.winter@gmail.com,NOVA-DE-00047,CC-NOVA-001,2025-10-23T21:24:27Z,160.7,2025-12-31T21:24:27Z,true
TEL-2026-000342,ccciw.julia.schmitz@yahoo.com,NOVA-DE-00079,CC-NOVA-001,2025-10-25T02:45:48Z,164.5,2026-03-11T07:45:48Z,false
TEL-2026-000343,ccciw.sarah.wolf@web.de,PRISM-DE-00073,CC-PRISM-002,2025-10-25T07:38:20Z,53.7,2026-01-05T04:38:20Z,true
TEL-2026-000344,ccciw.julia.lehmann@web.de,PRISM-DE-00068,CC-PRISM-001,2025-10-25T08:59:35Z,11.2,2026-01-16T07:59:35Z,true
TEL-2026-000345,ccciw.david.weber@outlook.com,CHROMA-DE-00060,CC-CHROMA-002,2025-10-28T02:02:13Z,193.0,2025-12-10T12:02:13Z,false
TEL-2026-000346,ccciw.lena.muller@outlook.com,LUMA-DE-00066,CC-LUMA-002,2025-10-28T19:55:09Z,189.7,2026-03-04T18:55:09Z,false
TEL-2026-000347,ccciw.felix.engel@web.de,CHROMA-DE-00061,CC-CHROMA-001,2025-10-28T22:13:07Z,171.7,2025-12-01T15:13:07Z,true
TEL-2026-000348,ccciw.felix.meyer@gmail.com,PRISM-DE-00070,CC-PRISM-002,2025-10-29T06:26:43Z,172.1,2026-02-16T03:26:43Z,true
TEL-2026-000349,ccciw.erik.braun@gmx.de,CHROMA-DE-00053,CC-CHROMA-001,2025-10-30T06:03:48Z,94.6,2025-12-05T22:03:48Z,false
TEL-2026-000350,ccciw.finn.vogel@web.de,PRISM-DE-00069,CC-PRISM-002,2025-10-30T07:02:14Z,145.8,2026-03-13T13:02:14Z,false
TEL-2026-000351,ccciw.marie.engel@gmx.de,CHROMA-DE-00067,CC-CHROMA-002,2025-10-31T20:24:35Z,261.0,2026-02-16T12:24:35Z,true
TEL-2026-000352,ccciw.lena.hoffmann@web.de,CHROMA-DE-00073,CC-CHROMA-001,2025-11-01T00:37:49Z,89.7,2026-01-31T01:37:49Z,true
TEL-2026-000353,ccciw.anna.huber@gmx.de,CHROMA-DE-00042,CC-CHROMA-002,2025-11-01T04:20:45Z,27.4,2025-12-31T08:20:45Z,false
TEL-2026-000354,ccciw.sarah.franke@t-online.de,NOVA-DE-00080,CC-NOVA-002,2025-11-01T11:07:48Z,39.0,2025-12-18T03:07:48Z,true
TEL-2026-000355,ccciw.noah.richter@web.de,NOVA-DE-00082,CC-NOVA-001,2025-11-02T20:08:52Z,109.1,2025-12-29T18:08:52Z,true
TEL-2026-000356,ccciw.lukas.fischer@t-online.de,AURA-DE-00038,CC-AURA-001,2025-11-02T21:59:32Z,199.8,2026-01-06T06:59:32Z,false
TEL-2026-000357,ccciw.laura.schmitz@outlook.com,CHROMA-DE-00066,CC-CHROMA-001,2025-11-04T07:30:57Z,70.3,2025-11-24T08:30:57Z,true
TEL-2026-000358,ccciw.ben.franke@gmail.com,CHROMA-DE-00069,CC-CHROMA-001,2025-11-04T14:36:38Z,159.9,2025-12-30T01:36:38Z,true
TEL-2026-000359,ccciw.finn.schneider@gmail.com,LUMA-DE-00067,CC-LUMA-001,2025-11-05T02:47:31Z,21.5,2025-12-21T00:47:31Z,true
TEL-2026-000360,ccciw.jonas.neumann@outlook.com,PRISM-DE-00075,CC-PRISM-001,2025-11-06T23:33:50Z,64.9,2026-01-06T17:33:50Z,false
TEL-2026-000361,ccciw.jonas.vogel@yahoo.com,CHROMA-DE-00071,CC-CHROMA-001,2025-11-08T04:56:26Z,122.1,2026-01-21T23:56:26Z,false
TEL-2026-000362,ccciw.kathrin.meyer@gmail.com,CHROMA-DE-00074,CC-CHROMA-002,2025-11-09T19:04:51Z,198.9,2026-01-24T02:04:51Z,true
TEL-2026-000363,ccciw.leon.huber@t-online.de,PRISM-DE-00061,CC-PRISM-001,2025-11-12T03:15:52Z,155.0,2026-04-04T23:59:59Z,false
TEL-2026-000364,ccciw.marie.moller@gmx.de,NOVA-DE-00084,CC-NOVA-001,2025-11-12T13:34:37Z,100.5,2026-04-04T23:59:59Z,false
TEL-2026-000365,ccciw.adrian.stalder@gmx.de,NOVA-CH-00007,CC-NOVA-002,2025-11-13T10:58:28Z,113.7,2026-01-03T20:58:28Z,true
TEL-2026-000366,ccciw.jack.williams@outlook.com,PRISM-UK-00004,CC-PRISM-001,2025-11-15T06:36:42Z,346.4,2026-04-04T23:59:59Z,true
TEL-2026-000367,ccciw.hannah.moser@web.de,LUMA-AT-00005,CC-LUMA-002,2025-11-15T21:43:27Z,249.7,2026-04-04T23:59:59Z,true
TEL-2026-000368,ccciw.philipp.moller@gmail.com,LUMA-DE-00064,CC-LUMA-001,2025-11-17T01:02:25Z,38.9,2026-01-11T15:02:25Z,false
TEL-2026-000369,ccciw.ben.winter@web.de,PRISM-DE-00079,CC-PRISM-002,2025-11-17T23:31:01Z,203.0,2026-02-07T13:31:01Z,false
TEL-2026-000370,ccciw.niklas.lorenz@yahoo.com,PRISM-DE-00002,CC-PRISM-001,2025-11-18T22:48:57Z,191.8,2026-04-04T23:59:59Z,false
TEL-2026-000371,ccciw.marie.schmitz@web.de,LUMA-DE-00068,CC-LUMA-002,2025-11-19T01:54:36Z,96.3,2026-02-14T10:54:36Z,true
TEL-2026-000372,ccciw.lukas.muller@web.de,PRISM-DE-00076,CC-PRISM-002,2025-11-19T10:25:17Z,365.4,2026-04-04T23:59:59Z,true
TEL-2026-000373,ccciw.jan.lehmann@gmail.com,NOVA-DE-00083,CC-NOVA-001,2025-11-21T09:49:15Z,77.6,2026-01-24T10:49:15Z,false
TEL-2026-000374,ccciw.grace.davies@gmail.com,AURA-UK-00002,CC-AURA-001,2025-11-21T13:19:52Z,153.7,2026-02-21T14:19:52Z,true
TEL-2026-000375,ccciw.paul.schneider@gmail.com,AURA-DE-00035,CC-AURA-001,2025-11-22T05:56:46Z,44.6,2026-01-04T23:56:46Z,false
TEL-2026-000376,ccciw.moritz.fischer@web.de,PRISM-DE-00077,CC-PRISM-002,2025-11-22T21:45:50Z,185.4,2026-01-12T23:45:50Z,false
TEL-2026-000377,ccciw.sebastian.lange@t-online.de,AURA-DE-00039,CC-AURA-001,2025-11-23T12:47:34Z,29.3,2026-01-26T22:47:34Z,false
TEL-2026-000378,ccciw.sophie.kuhn@gmx.de,CHROMA-DE-00075,CC-CHROMA-001,2025-11-23T13:09:04Z,229.1,2026-04-04T23:59:59Z,true
TEL-2026-000379,ccciw.max.wagner@gmail.com,CHROMA-DE-00070,CC-CHROMA-002,2025-11-24T00:15:33Z,51.4,2025-12-04T07:15:33Z,true
TEL-2026-000380,ccciw.niklas.lorenz@yahoo.com,PRISM-DE-00078,CC-PRISM-002,2025-11-25T01:57:57Z,86.1,2026-03-15T00:57:57Z,true
TEL-2026-000381,ccciw.sebastian.lange@t-online.de,PRISM-DE-00080,CC-PRISM-001,2025-11-25T03:17:35Z,272.1,2026-04-04T23:59:59Z,true
TEL-2026-000382,ccciw.melina.krause@outlook.com,LUMA-DE-00070,CC-LUMA-002,2025-11-25T09:29:28Z,347.8,2026-03-22T19:29:28Z,false
TEL-2026-000383,ccciw.pablo.martin@outlook.com,PRISM-ES-00005,CC-PRISM-002,2025-11-26T15:26:51Z,283.5,2026-04-04T23:59:59Z,true
TEL-2026-000384,ccciw.sarah.fischer@gmail.com,CHROMA-DE-00063,CC-CHROMA-002,2025-11-30T08:21:50Z,41.0,2026-02-10T10:21:50Z,false
TEL-2026-000385,ccciw.sebastian.muller@gmail.com,LUMA-DE-00069,CC-LUMA-001,2025-11-30T10:09:12Z,260.4,2026-04-04T23:59:59Z,true
TEL-2026-000386,ccciw.bram.bakker@t-online.de,AURA-NL-00003,CC-AURA-001,2025-11-30T20:21:28Z,3.7,2026-01-28T01:21:28Z,false
TEL-2026-000387,ccciw.grace.wilson@t-online.de,NOVA-UK-00004,CC-NOVA-002,2025-12-04T23:24:28Z,259.6,2026-02-03T10:24:28Z,true
TEL-2026-000388,ccciw.kathrin.becker@t-online.de,AURA-DE-00007,CC-AURA-001,2025-12-05T01:31:52Z,46.8,2026-04-04T23:59:59Z,true
TEL-2026-000389,ccciw.david.koch@gmail.com,PRISM-DE-00053,CC-PRISM-002,2025-12-06T06:28:36Z,3.9,2026-01-27T21:28:36Z,false
TEL-2026-000390,ccciw.melina.krause@outlook.com,CHROMA-DE-00077,CC-CHROMA-002,2025-12-07T17:01:42Z,296.2,2026-03-09T17:01:42Z,true
TEL-2026-000391,ccciw.felix.schneider@gmx.de,PRISM-DE-00038,CC-PRISM-002,2025-12-08T06:21:14Z,209.7,2026-02-23T00:21:14Z,true
TEL-2026-000392,ccciw.adrian.stalder@gmx.de,PRISM-CH-00007,CC-PRISM-001,2025-12-08T21:01:49Z,326.4,2026-04-04T23:59:59Z,true
TEL-2026-000393,ccciw.noah.hartmann@web.de,AURA-DE-00024,CC-AURA-001,2025-12-08T21:26:33Z,101.9,2026-02-10T04:26:33Z,false
TEL-2026-000394,ccciw.max.klein@t-online.de,NOVA-DE-00086,CC-NOVA-002,2025-12-09T03:38:55Z,38.5,2026-02-07T15:38:55Z,true
TEL-2026-000395,ccciw.jakob.fuchs@outlook.com,PRISM-AT-00002,CC-PRISM-002,2025-12-12T12:20:51Z,314.7,2026-04-04T23:59:59Z,false
TEL-2026-000396,ccciw.clara.hartmann@yahoo.com,NOVA-DE-00088,CC-NOVA-002,2025-12-12T12:41:09Z,54.3,2026-03-27T10:41:09Z,true
TEL-2026-000397,ccciw.niklas.lehmann@web.de,PRISM-DE-00083,CC-PRISM-002,2025-12-13T05:55:11Z,157.1,2026-04-04T23:59:59Z,true
TEL-2026-000398,ccciw.lisa.schneider@outlook.com,PRISM-DE-00084,CC-PRISM-002,2025-12-14T04:25:02Z,174.4,2026-03-03T20:25:02Z,false
TEL-2026-000399,ccciw.chloe.moreau@gmx.de,CHROMA-FR-00001,CC-CHROMA-002,2025-12-14T14:21:34Z,350.3,2026-04-04T23:59:59Z,false
TEL-2026-000400,ccciw.tobias.huber@gmail.com,CHROMA-AT-00007,CC-CHROMA-002,2025-12-14T21:16:42Z,93.3,2026-04-04T23:59:59Z,true
TEL-2026-000401,ccciw.marie.lehmann@gmail.com,NOVA-DE-00090,CC-NOVA-002,2025-12-15T05:14:24Z,101.9,2026-02-11T07:14:24Z,true
TEL-2026-000402,ccciw.emma.hartmann@outlook.com,CHROMA-DE-00078,CC-CHROMA-002,2025-12-15T12:44:05Z,187.2,2026-03-26T00:44:05Z,true
TEL-2026-000403,ccciw.jan.lehmann@gmail.com,PRISM-DE-00074,CC-PRISM-001,2025-12-15T21:18:38Z,343.0,2026-04-04T23:59:59Z,false
TEL-2026-000404,ccciw.pablo.martin@outlook.com,AURA-ES-00003,CC-AURA-001,2025-12-19T17:01:53Z,269.2,2026-04-04T23:59:59Z,false
TEL-2026-000405,ccciw.paul.meier@yahoo.com,AURA-DE-00040,CC-AURA-001,2025-12-19T21:22:21Z,5.3,2026-03-11T15:22:21Z,true
TEL-2026-000406,ccciw.niklas.lehmann@web.de,CHROMA-DE-00080,CC-CHROMA-001,2025-12-21T08:44:24Z,417.6,2026-04-04T23:59:59Z,false
TEL-2026-000407,ccciw.nora.bieri@gmx.de,LUMA-CH-00003,CC-LUMA-001,2025-12-23T17:06:39Z,126.6,2026-02-08T04:06:39Z,false
TEL-2026-000408,ccciw.grace.smith@outlook.com,NOVA-UK-00005,CC-NOVA-002,2025-12-23T23:34:43Z,184.9,2026-02-10T07:34:43Z,true
TEL-2026-000409,ccciw.hannah.lehmann@t-online.de,LUMA-DE-00063,CC-LUMA-002,2025-12-25T10:42:27Z,287.1,2026-04-04T23:59:59Z,true
TEL-2026-000410,ccciw.lena.franke@gmx.de,NOVA-DE-00092,CC-NOVA-001,2025-12-26T07:25:30Z,152.3,2026-03-03T06:25:30Z,false
TEL-2026-000411,ccciw.erik.schmitz@outlook.com,LUMA-DE-00071,CC-LUMA-001,2025-12-27T04:12:54Z,140.6,2026-04-03T03:12:54Z,true
TEL-2026-000412,ccciw.lukas.weber@web.de,PRISM-DE-00086,CC-PRISM-001,2025-12-28T02:22:26Z,106.0,2026-04-04T23:59:59Z,true
TEL-2026-000413,ccciw.julia.lange@outlook.com,NOVA-DE-00089,CC-NOVA-002,2025-12-28T18:13:37Z,17.5,2026-01-29T15:13:37Z,true
TEL-2026-000414,ccciw.anna.kuhn@gmx.de,NOVA-DE-00093,CC-NOVA-001,2025-12-28T22:42:27Z,36.7,2026-02-25T11:42:27Z,true
TEL-2026-000415,ccciw.fleur.bakker@gmx.de,CHROMA-NL-00005,CC-CHROMA-001,2025-12-30T17:09:49Z,210.1,2026-02-28T03:09:49Z,true
TEL-2026-000416,ccciw.david.huber@t-online.de,NOVA-DE-00091,CC-NOVA-001,2025-12-30T23:37:09Z,58.4,2026-03-27T10:37:09Z,false
TEL-2026-000417,ccciw.sebastian.moller@outlook.com,AURA-DE-00041,CC-AURA-001,2025-12-31T16:31:21Z,118.2,2026-03-14T22:31:21Z,false
TEL-2026-000418,ccciw.jana.lange@web.de,CHROMA-DE-00084,CC-CHROMA-002,2026-01-01T08:54:48Z,166.0,2026-02-13T09:54:48Z,true
TEL-2026-000419,ccciw.sophie.kuhn@gmx.de,CHROMA-DE-00079,CC-CHROMA-002,2026-01-01T10:05:17Z,7.1,2026-01-28T18:05:17Z,false
TEL-2026-000420,ccciw.paul.engel@gmail.com,LUMA-DE-00074,CC-LUMA-002,2026-01-04T21:56:09Z,33.6,2026-02-20T07:56:09Z,true
TEL-2026-000421,ccciw.leon.huber@t-online.de,LUMA-DE-00073,CC-LUMA-001,2026-01-05T14:46:24Z,331.2,2026-04-04T23:59:59Z,true
TEL-2026-000422,ccciw.felix.meyer@gmail.com,LUMA-DE-00072,CC-LUMA-001,2026-01-07T04:25:42Z,174.9,2026-02-26T06:25:42Z,true
TEL-2026-000423,ccciw.nora.bieri@gmx.de,AURA-CH-00003,CC-AURA-001,2026-01-08T05:01:23Z,304.6,2026-04-04T23:59:59Z,true
TEL-2026-000424,ccciw.erik.engel@yahoo.com,LUMA-DE-00075,CC-LUMA-002,2026-01-09T11:13:43Z,292.8,2026-04-04T23:59:59Z,true
TEL-2026-000425,ccciw.paul.meyer@gmx.de,LUMA-DE-00077,CC-LUMA-001,2026-01-09T16:20:13Z,31.4,2026-02-27T23:20:13Z,false
TEL-2026-000426,ccciw.felix.hartmann@yahoo.com,NOVA-DE-00095,CC-NOVA-002,2026-01-10T22:14:49Z,321.4,2026-03-31T15:14:49Z,true
TEL-2026-000427,ccciw.hannah.vogel@gmail.com,CHROMA-DE-00089,CC-CHROMA-001,2026-01-11T05:26:36Z,45.0,2026-02-05T16:26:36Z,false
TEL-2026-000428,ccciw.marlene.muller@gmx.de,NOVA-DE-00098,CC-NOVA-002,2026-01-11T14:39:40Z,21.9,2026-02-15T03:39:40Z,false
TEL-2026-000429,ccciw.anna.kuhn@gmx.de,CHROMA-DE-00082,CC-CHROMA-002,2026-01-11T19:45:55Z,250.5,2026-04-04T23:59:59Z,true
TEL-2026-000430,ccciw.lucas.petit@outlook.com,PRISM-FR-00003,CC-PRISM-002,2026-01-11T20:00:10Z,38.4,2026-01-28T13:00:10Z,false
TEL-2026-000431,ccciw.noah.becker@gmail.com,PRISM-DE-00087,CC-PRISM-002,2026-01-13T02:49:46Z,197.8,2026-04-04T23:59:59Z,false
TEL-2026-000432,ccciw.max.krause@outlook.com,CHROMA-DE-00083,CC-CHROMA-001,2026-01-14T07:10:28Z,103.3,2026-04-04T23:59:59Z,false
TEL-2026-000433,ccciw.jan.klein@outlook.com,NOVA-DE-00099,CC-NOVA-002,2026-01-14T10:44:23Z,106.4,2026-04-04T23:59:59Z,false
TEL-2026-000434,ccciw.niklas.werner@web.de,CHROMA-DE-00081,CC-CHROMA-001,2026-01-14T22:25:01Z,324.5,2026-04-04T23:59:59Z,false
TEL-2026-000435,ccciw.max.winter@outlook.com,CHROMA-DE-00088,CC-CHROMA-001,2026-01-15T20:22:11Z,6.2,2026-03-05T22:22:11Z,true
TEL-2026-000436,ccciw.kathrin.meyer@gmail.com,PRISM-DE-00088,CC-PRISM-002,2026-01-16T05:28:47Z,401.3,2026-04-04T23:59:59Z,true
TEL-2026-000437,ccciw.sophie.lehmann@gmail.com,NOVA-DE-00097,CC-NOVA-002,2026-01-16T18:56:02Z,31.1,2026-02-21T19:56:02Z,false
TEL-2026-000438,ccciw.sarah.krause@outlook.com,CHROMA-DE-00085,CC-CHROMA-002,2026-01-16T21:16:52Z,225.7,2026-04-04T23:59:59Z,true
TEL-2026-000439,ccciw.clara.klein@t-online.de,CHROMA-DE-00090,CC-CHROMA-001,2026-01-17T13:53:59Z,104.8,2026-04-04T23:59:59Z,false
TEL-2026-000440,ccciw.noah.lang@yahoo.com,CHROMA-DE-00086,CC-CHROMA-002,2026-01-18T17:36:30Z,308.9,2026-04-04T23:59:59Z,true
TEL-2026-000441,ccciw.marco.sutter@gmail.com,PRISM-CH-00001,CC-PRISM-001,2026-01-19T20:59:50Z,195.9,2026-04-04T23:59:59Z,false
TEL-2026-000442,ccciw.laura.lange@gmail.com,AURA-DE-00043,CC-AURA-001,2026-01-21T08:07:17Z,31.5,2026-02-08T18:07:17Z,true
TEL-2026-000443,ccciw.niklas.werner@web.de,CHROMA-DE-00087,CC-CHROMA-002,2026-01-23T06:12:01Z,393.6,2026-03-31T02:12:01Z,false
TEL-2026-000444,ccciw.anna.kuhn@gmx.de,NOVA-DE-00102,CC-NOVA-002,2026-01-23T21:14:35Z,12.3,2026-04-04T23:59:59Z,true
TEL-2026-000445,ccciw.jan.becker@web.de,NOVA-DE-00078,CC-NOVA-002,2026-01-24T14:39:41Z,68.4,2026-03-28T11:39:41Z,true
TEL-2026-000446,ccciw.nina.richter@gmail.com,PRISM-DE-00091,CC-PRISM-001,2026-01-25T03:11:33Z,61.4,2026-03-27T23:11:33Z,false
TEL-2026-000447,ccciw.erik.hartmann@gmail.com,CHROMA-DE-00092,CC-CHROMA-002,2026-01-25T07:18:36Z,24.2,2026-02-27T09:18:36Z,true
TEL-2026-000448,ccciw.clara.vogel@outlook.com,CHROMA-DE-00091,CC-CHROMA-002,2026-01-25T19:52:36Z,124.2,2026-03-15T06:52:36Z,false
TEL-2026-000449,ccciw.marco.sutter@gmail.com,PRISM-CH-00008,CC-PRISM-002,2026-01-27T19:39:50Z,249.3,2026-04-04T23:59:59Z,true
TEL-2026-000450,ccciw.moritz.lorenz@outlook.com,PRISM-DE-00006,CC-PRISM-002,2026-01-27T21:32:21Z,194.0,2026-04-04T23:59:59Z,true
TEL-2026-000451,ccciw.max.hartmann@gmail.com,AURA-DE-00045,CC-AURA-001,2026-01-28T01:55:38Z,46.9,2026-03-07T02:55:38Z,false
TEL-2026-000452,ccciw.jana.muller@web.de,CHROMA-DE-00095,CC-CHROMA-002,2026-01-28T04:14:13Z,39.3,2026-02-14T00:14:13Z,false
TEL-2026-000453,ccciw.marie.weber@outlook.com,CHROMA-DE-00096,CC-CHROMA-001,2026-01-28T04:27:54Z,389.0,2026-04-04T23:59:59Z,false
TEL-2026-000454,ccciw.philipp.schwarz@gmail.com,NOVA-DE-00100,CC-NOVA-002,2026-01-29T16:03:53Z,4.5,2026-03-15T15:03:53Z,true
TEL-2026-000455,ccciw.philipp.winter@gmx.de,AURA-DE-00047,CC-AURA-001,2026-01-29T18:23:49Z,27.7,2026-03-04T11:23:49Z,false
TEL-2026-000456,ccciw.erik.kaiser@web.de,LUMA-DE-00082,CC-LUMA-001,2026-01-31T00:44:46Z,155.5,2026-04-04T23:59:59Z,false
TEL-2026-000457,ccciw.emma.lang@t-online.de,NOVA-DE-00103,CC-NOVA-002,2026-01-31T11:58:48Z,186.8,2026-04-04T23:59:59Z,true
TEL-2026-000458,ccciw.lena.becker@gmail.com,CHROMA-DE-00097,CC-CHROMA-001,2026-01-31T19:57:49Z,21.8,2026-02-27T07:57:49Z,true
TEL-2026-000459,ccciw.emma.lang@t-online.de,NOVA-DE-00027,CC-NOVA-001,2026-02-01T05:39:48Z,178.7,2026-04-04T23:59:59Z,true
TEL-2026-000460,ccciw.nina.koch@web.de,AURA-DE-00044,CC-AURA-001,2026-02-01T20:48:02Z,47.9,2026-02-05T10:48:02Z,false
TEL-2026-000461,ccciw.sophie.schwarz@gmail.com,LUMA-DE-00078,CC-LUMA-001,2026-02-02T00:37:29Z,1.2,2026-02-12T03:37:29Z,true
TEL-2026-000462,ccciw.max.kuhn@yahoo.com,NOVA-DE-00101,CC-NOVA-001,2026-02-02T04:32:59Z,3.3,2026-03-07T14:32:59Z,true
TEL-2026-000463,ccciw.nadine.pichler@web.de,LUMA-AT-00007,CC-LUMA-001,2026-02-02T22:12:05Z,113.5,2026-04-04T23:59:59Z,true
TEL-2026-000464,ccciw.sarah.laurent@web.de,PRISM-FR-00004,CC-PRISM-002,2026-02-03T11:36:32Z,42.0,2026-04-03T01:36:32Z,true
TEL-2026-000465,ccciw.theresa.fuchs@gmail.com,LUMA-AT-00006,CC-LUMA-001,2026-02-03T23:02:39Z,148.0,2026-04-04T23:59:59Z,false
TEL-2026-000466,ccciw.tobias.neumann@gmail.com,PRISM-DE-00092,CC-PRISM-002,2026-02-04T01:11:57Z,13.9,2026-03-06T09:11:57Z,false
TEL-2026-000467,ccciw.sanne.visser@web.de,NOVA-NL-00005,CC-NOVA-002,2026-02-04T16:42:04Z,194.7,2026-04-04T23:59:59Z,true
TEL-2026-000468,ccciw.max.schmitz@yahoo.com,LUMA-DE-00084,CC-LUMA-002,2026-02-05T02:03:15Z,236.2,2026-04-04T23:59:59Z,false
TEL-2026-000469,ccciw.niklas.becker@web.de,NOVA-DE-00104,CC-NOVA-001,2026-02-05T22:02:36Z,36.6,2026-03-01T00:02:36Z,true
TEL-2026-000470,ccciw.jan.franke@gmail.com,LUMA-DE-00080,CC-LUMA-002,2026-02-06T08:00:03Z,210.5,2026-04-04T23:59:59Z,false
TEL-2026-000471,ccciw.hannah.lehmann@t-online.de,PRISM-DE-00095,CC-PRISM-001,2026-02-06T13:13:31Z,125.4,2026-04-04T23:59:59Z,true
TEL-2026-000472,ccciw.noah.taylor@gmx.de,PRISM-UK-00006,CC-PRISM-001,2026-02-07T08:05:04Z,26.2,2026-03-31T11:05:04Z,false
TEL-2026-000473,ccciw.lisa.schmitz@web.de,LUMA-DE-00083,CC-LUMA-002,2026-02-08T08:42:56Z,33.8,2026-03-28T08:42:56Z,true
TEL-2026-000474,ccciw.ben.winter@web.de,CHROMA-DE-00100,CC-CHROMA-002,2026-02-08T16:36:34Z,155.0,2026-04-04T23:59:59Z,true
TEL-2026-000475,ccciw.isla.jones@web.de,CHROMA-UK-00002,CC-CHROMA-002,2026-02-09T01:33:28Z,179.5,2026-04-04T23:59:59Z,false
TEL-2026-000476,ccciw.finn.winter@outlook.com,LUMA-DE-00058,CC-LUMA-001,2026-02-09T13:11:24Z,227.9,2026-04-04T23:59:59Z,true
TEL-2026-000477,ccciw.max.schmitz@yahoo.com,NOVA-DE-00105,CC-NOVA-002,2026-02-09T14:12:23Z,54.1,2026-03-15T23:12:23Z,true
TEL-2026-000478,ccciw.sophie.winter@t-online.de,PRISM-DE-00093,CC-PRISM-001,2026-02-10T06:30:31Z,251.3,2026-04-04T23:59:59Z,true
TEL-2026-000479,ccciw.erik.werner@yahoo.com,LUMA-DE-00086,CC-LUMA-001,2026-02-10T16:20:51Z,154.4,2026-03-21T12:20:51Z,true
TEL-2026-000480,ccciw.julia.klein@gmx.de,CHROMA-DE-00098,CC-CHROMA-001,2026-02-11T08:42:02Z,67.2,2026-04-01T09:42:02Z,false
TEL-2026-000481,ccciw.sebastian.muller@gmail.com,CHROMA-DE-00102,CC-CHROMA-001,2026-02-14T10:37:51Z,64.3,2026-04-04T23:59:59Z,true
TEL-2026-000482,ccciw.lukas.weber@web.de,CHROMA-DE-00105,CC-CHROMA-001,2026-02-14T15:04:38Z,105.0,2026-04-04T23:59:59Z,true
TEL-2026-000483,ccciw.noah.vogel@outlook.com,LUMA-DE-00085,CC-LUMA-001,2026-02-15T01:59:35Z,44.2,2026-03-31T07:59:35Z,true
TEL-2026-000484,ccciw.bram.bakker@t-online.de,PRISM-NL-00003,CC-PRISM-001,2026-02-16T00:41:02Z,374.8,2026-04-04T23:59:59Z,false
TEL-2026-000485,ccciw.anna.franke@outlook.com,PRISM-DE-00096,CC-PRISM-002,2026-02-17T17:29:26Z,167.5,2026-04-04T23:59:59Z,true
TEL-2026-000486,ccciw.silvan.stalder@web.de,AURA-CH-00004,CC-AURA-001,2026-02-18T10:23:23Z,387.0,2026-04-04T23:59:59Z,true
TEL-2026-000487,ccciw.lukas.wolf@t-online.de,LUMA-DE-00090,CC-LUMA-002,2026-02-18T11:20:31Z,86.3,2026-04-04T23:59:59Z,true
TEL-2026-000488,ccciw.kathrin.koch@gmx.de,AURA-DE-00048,CC-AURA-001,2026-02-18T23:26:14Z,61.0,2026-04-04T23:59:59Z,false
TEL-2026-000489,ccciw.sarah.richter@gmail.com,PRISM-DE-00094,CC-PRISM-002,2026-02-19T00:02:41Z,9.0,2026-04-04T09:02:41Z,true
TEL-2026-000490,ccciw.theresa.pichler@gmail.com,AURA-AT-00005,CC-AURA-001,2026-02-19T17:55:09Z,52.4,2026-04-04T23:59:59Z,false
TEL-2026-000491,ccciw.niklas.huber@web.de,LUMA-DE-00087,CC-LUMA-002,2026-02-20T12:43:24Z,105.4,2026-04-04T23:59:59Z,false
TEL-2026-000492,ccciw.hannah.vogel@gmail.com,PRISM-DE-00098,CC-PRISM-001,2026-02-20T13:21:12Z,48.8,2026-04-04T23:59:59Z,false
TEL-2026-000493,ccciw.sarah.richter@gmail.com,CHROMA-DE-00106,CC-CHROMA-001,2026-02-20T21:41:51Z,307.5,2026-04-04T23:59:59Z,false
TEL-2026-000494,ccciw.sebastian.werner@web.de,NOVA-DE-00107,CC-NOVA-002,2026-02-21T04:25:59Z,11.8,2026-03-02T06:25:59Z,true
TEL-2026-000495,ccciw.lukas.weber@web.de,LUMA-DE-00076,CC-LUMA-002,2026-02-21T22:26:13Z,16.2,2026-04-03T11:26:13Z,true
TEL-2026-000496,ccciw.jonas.vogel@yahoo.com,CHROMA-DE-00054,CC-CHROMA-002,2026-02-22T10:37:00Z,325.0,2026-04-04T23:59:59Z,true
TEL-2026-000497,ccciw.marie.koch@web.de,LUMA-DE-00088,CC-LUMA-001,2026-02-23T00:03:36Z,172.2,2026-04-04T23:59:59Z,true
TEL-2026-000498,ccciw.lisa.franke@gmx.de,NOVA-DE-00110,CC-NOVA-001,2026-02-25T22:36:11Z,87.0,2026-04-04T23:59:59Z,true
TEL-2026-000499,ccciw.sarah.braun@outlook.com,PRISM-DE-00097,CC-PRISM-002,2026-02-26T09:20:38Z,68.0,2026-03-20T12:20:38Z,false
TEL-2026-000500,ccciw.elena.keller@gmx.de,LUMA-CH-00004,CC-LUMA-001,2026-02-28T04:43:05Z,40.7,2026-04-04T23:59:59Z,true
TEL-2026-000501,ccciw.leon.weber@outlook.com,LUMA-DE-00079,CC-LUMA-002,2026-02-28T12:41:30Z,173.4,2026-04-04T23:59:59Z,true
TEL-2026-000502,ccciw.laura.huber@web.de,LUMA-DE-00091,CC-LUMA-001,2026-03-01T23:54:49Z,293.9,2026-04-04T23:59:59Z,true
TEL-2026-000503,ccciw.emma.neumann@t-online.de,AURA-DE-00049,CC-AURA-001,2026-03-02T16:06:22Z,377.6,2026-04-04T23:59:59Z,true
TEL-2026-000504,ccciw.marie.werner@gmail.com,CHROMA-DE-00094,CC-CHROMA-002,2026-03-03T15:53:53Z,199.2,2026-04-04T23:59:59Z,true
TEL-2026-000505,ccciw.clara.schneider@gmail.com,LUMA-DE-00094,CC-LUMA-002,2026-03-04T03:29:37Z,51.2,2026-04-01T20:29:37Z,true
TEL-2026-000506,ccciw.marlene.hartmann@gmail.com,NOVA-DE-00109,CC-NOVA-001,2026-03-04T22:07:35Z,195.9,2026-04-04T23:59:59Z,false
TEL-2026-000507,ccciw.hannah.pichler@t-online.de,NOVA-AT-00007,CC-NOVA-001,2026-03-05T01:01:43Z,10.7,2026-03-10T17:01:43Z,false
TEL-2026-000508,ccciw.ben.braun@outlook.com,PRISM-DE-00103,CC-PRISM-001,2026-03-05T09:27:41Z,29.0,2026-04-04T23:59:59Z,true
TEL-2026-000509,ccciw.jan.bachmann@gmail.com,AURA-CH-00005,CC-AURA-001,2026-03-05T15:02:14Z,181.2,2026-04-04T23:59:59Z,false
TEL-2026-000510,ccciw.paul.engel@gmail.com,PRISM-DE-00100,CC-PRISM-001,2026-03-06T21:56:56Z,192.9,2026-04-04T23:59:59Z,true
TEL-2026-000511,ccciw.max.braun@web.de,NOVA-DE-00111,CC-NOVA-001,2026-03-07T10:48:13Z,7.2,2026-03-30T00:48:13Z,true
TEL-2026-000512,ccciw.paul.engel@gmail.com,AURA-DE-00046,CC-AURA-001,2026-03-07T11:47:04Z,336.8,2026-04-04T23:59:59Z,true
TEL-2026-000513,ccciw.felix.schmitz@gmail.com,CHROMA-DE-00109,CC-CHROMA-002,2026-03-07T20:24:10Z,372.5,2026-04-04T23:59:59Z,true
TEL-2026-000514,ccciw.noah.klein@gmail.com,LUMA-DE-00017,CC-LUMA-001,2026-03-10T01:19:20Z,223.0,2026-04-04T23:59:59Z,false
TEL-2026-000515,ccciw.leon.lehmann@t-online.de,NOVA-DE-00113,CC-NOVA-002,2026-03-11T05:58:49Z,167.5,2026-04-04T23:59:59Z,true
TEL-2026-000516,ccciw.finn.klein@yahoo.com,LUMA-DE-00098,CC-LUMA-001,2026-03-11T18:53:47Z,49.5,2026-03-27T08:53:47Z,false
TEL-2026-000517,ccciw.marlene.klein@web.de,PRISM-DE-00101,CC-PRISM-001,2026-03-11T21:02:57Z,43.7,2026-03-19T21:02:57Z,false
TEL-2026-000518,ccciw.tobias.schneider@outlook.com,NOVA-DE-00070,CC-NOVA-001,2026-03-12T03:53:11Z,207.9,2026-04-04T23:59:59Z,true
TEL-2026-000519,ccciw.sophie.moller@outlook.com,CHROMA-DE-00104,CC-CHROMA-002,2026-03-12T09:01:04Z,355.2,2026-04-04T23:59:59Z,false
TEL-2026-000520,ccciw.hannah.schroder@outlook.com,CHROMA-DE-00111,CC-CHROMA-001,2026-03-13T02:15:51Z,10.5,2026-04-04T23:59:59Z,false
TEL-2026-000521,ccciw.sarah.klein@gmx.de,PRISM-DE-00102,CC-PRISM-001,2026-03-13T03:31:10Z,194.7,2026-04-04T23:59:59Z,false
TEL-2026-000522,ccciw.jonas.krause@web.de,PRISM-DE-00104,CC-PRISM-002,2026-03-13T09:33:54Z,101.8,2026-04-04T23:59:59Z,false
TEL-2026-000523,ccciw.lucia.martin@outlook.com,NOVA-ES-00003,CC-NOVA-002,2026-03-13T22:46:32Z,366.3,2026-04-04T23:59:59Z,false
TEL-2026-000524,ccciw.finn.winter@outlook.com,PRISM-DE-00085,CC-PRISM-001,2026-03-14T06:18:30Z,162.3,2026-04-04T23:59:59Z,true
TEL-2026-000525,ccciw.elena.perez@web.de,LUMA-ES-00003,CC-LUMA-002,2026-03-14T07:28:55Z,21.9,2026-04-04T23:59:59Z,true
TEL-2026-000526,ccciw.philipp.schwarz@gmail.com,PRISM-DE-00106,CC-PRISM-001,2026-03-14T09:01:20Z,108.8,2026-04-04T23:59:59Z,false
TEL-2026-000527,ccciw.lina.keller@web.de,LUMA-CH-00005,CC-LUMA-001,2026-03-14T16:55:24Z,136.4,2026-04-04T23:59:59Z,true
TEL-2026-000528,ccciw.felix.lange@web.de,LUMA-DE-00095,CC-LUMA-001,2026-03-15T08:50:46Z,166.6,2026-04-04T23:59:59Z,false
TEL-2026-000529,ccciw.jonas.winter@t-online.de,AURA-DE-00051,CC-AURA-001,2026-03-15T14:41:14Z,177.7,2026-04-04T23:59:59Z,true
TEL-2026-000530,ccciw.luca.widmer@web.de,CHROMA-CH-00004,CC-CHROMA-002,2026-03-15T15:20:55Z,101.0,2026-04-04T23:59:59Z,false
TEL-2026-000531,ccciw.lukas.huber@outlook.com,AURA-DE-00052,CC-AURA-001,2026-03-15T16:50:22Z,150.5,2026-04-04T23:59:59Z,false
TEL-2026-000532,ccciw.nina.werner@gmx.de,CHROMA-DE-00112,CC-CHROMA-002,2026-03-16T00:05:03Z,46.5,2026-04-04T23:59:59Z,true
TEL-2026-000533,ccciw.jana.weber@yahoo.com,PRISM-DE-00107,CC-PRISM-001,2026-03-16T16:29:47Z,152.8,2026-04-04T23:59:59Z,true
TEL-2026-000534,ccciw.anna.schmitz@web.de,CHROMA-DE-00110,CC-CHROMA-002,2026-03-17T00:14:09Z,67.1,2026-04-04T23:59:59Z,true
TEL-2026-000535,ccciw.sophie.winter@t-online.de,NOVA-DE-00112,CC-NOVA-001,2026-03-17T00:31:45Z,180.0,2026-04-04T23:59:59Z,true
TEL-2026-000536,ccciw.sebastian.kaiser@web.de,CHROMA-DE-00108,CC-CHROMA-001,2026-03-17T10:42:46Z,204.9,2026-04-04T23:59:59Z,true
TEL-2026-000537,ccciw.anna.schwarz@outlook.com,CHROMA-DE-00103,CC-CHROMA-001,2026-03-19T01:28:07Z,70.1,2026-04-04T23:59:59Z,false
TEL-2026-000538,ccciw.niklas.huber@web.de,PRISM-DE-00110,CC-PRISM-002,2026-03-19T17:06:02Z,2.0,2026-04-04T09:06:02Z,false
TEL-2026-000539,ccciw.ben.vogel@web.de,PRISM-DE-00105,CC-PRISM-001,2026-03-19T23:43:17Z,92.0,2026-04-04T23:59:59Z,false
TEL-2026-000540,ccciw.anna.kruger@yahoo.com,LUMA-DE-00097,CC-LUMA-001,2026-03-20T01:02:53Z,52.0,2026-04-04T23:59:59Z,true
TEL-2026-000541,ccciw.clara.hoffmann@web.de,PRISM-DE-00108,CC-PRISM-001,2026-03-20T12:58:22Z,10.3,2026-04-04T23:59:59Z,true
TEL-2026-000542,ccciw.leon.engel@yahoo.com,NOVA-DE-00116,CC-NOVA-001,2026-03-20T15:19:37Z,8.8,2026-04-04T23:59:59Z,true
TEL-2026-000543,ccciw.marie.kaiser@gmail.com,LUMA-DE-00099,CC-LUMA-001,2026-03-21T08:48:12Z,49.1,2026-04-04T23:59:59Z,true
TEL-2026-000544,ccciw.leon.lehmann@t-online.de,AURA-DE-00053,CC-AURA-001,2026-03-21T10:48:00Z,273.8,2026-04-04T23:59:59Z,true
TEL-2026-000545,ccciw.sarah.franke@t-online.de,LUMA-DE-00100,CC-LUMA-001,2026-03-22T00:12:53Z,193.0,2026-04-04T23:59:59Z,false
TEL-2026-000546,ccciw.isla.jones@web.de,PRISM-UK-00007,CC-PRISM-002,2026-03-22T15:53:15Z,4.7,2026-04-04T23:59:59Z,true
TEL-2026-000547,ccciw.leon.lehmann@t-online.de,NOVA-DE-00087,CC-NOVA-001,2026-03-23T09:51:49Z,226.5,2026-04-04T23:59:59Z,true
TEL-2026-000548,ccciw.tim.braun@gmail.com,AURA-DE-00057,CC-AURA-001,2026-03-24T14:15:30Z,217.5,2026-04-04T23:59:59Z,true
TEL-2026-000549,ccciw.noah.lang@yahoo.com,LUMA-DE-00092,CC-LUMA-002,2026-03-24T19:04:29Z,26.4,2026-03-30T00:04:29Z,true
TEL-2026-000550,ccciw.niklas.weber@gmx.de,AURA-DE-00058,CC-AURA-001,2026-03-25T01:30:31Z,129.3,2026-04-04T23:59:59Z,true
TEL-2026-000551,ccciw.marco.sutter@gmail.com,NOVA-CH-00008,CC-NOVA-002,2026-03-25T18:34:35Z,114.5,2026-04-04T23:59:59Z,false
TEL-2026-000552,ccciw.anna.meier@gmx.de,AURA-DE-00042,CC-AURA-001,2026-03-27T18:04:26Z,167.5,2026-04-04T23:59:59Z,false
TEL-2026-000553,ccciw.leon.meyer@yahoo.com,NOVA-DE-00063,CC-NOVA-002,2026-03-27T20:04:24Z,177.5,2026-04-04T23:59:59Z,false
TEL-2026-000554,ccciw.marie.schwarz@web.de,AURA-DE-00054,CC-AURA-001,2026-03-27T22:24:50Z,198.3,2026-04-04T23:59:59Z,false
TEL-2026-000555,ccciw.sarah.richter@gmail.com,NOVA-DE-00115,CC-NOVA-001,2026-03-28T00:00:24Z,229.6,2026-04-04T23:59:59Z,false
TEL-2026-000556,ccciw.emma.neumann@t-online.de,CHROMA-DE-00113,CC-CHROMA-002,2026-03-28T13:15:53Z,116.1,2026-04-04T23:59:59Z,true
TEL-2026-000557,ccciw.felix.becker@web.de,PRISM-DE-00109,CC-PRISM-001,2026-03-29T06:25:41Z,28.3,2026-04-04T23:59:59Z,true
TEL-2026-000558,ccciw.julia.huber@outlook.com,LUMA-DE-00096,CC-LUMA-001,2026-03-30T07:01:07Z,197.9,2026-04-04T23:59:59Z,true
TEL-2026-000559,ccciw.mara.frei@outlook.com,NOVA-CH-00009,CC-NOVA-002,2026-03-30T13:27:38Z,3.6,2026-04-04T23:59:59Z,false
TEL-2026-000560,ccciw.anna.braun@outlook.com,PRISM-DE-00111,CC-PRISM-002,2026-03-31T01:15:52Z,35.4,2026-04-04T23:59:59Z,true
TEL-2026-000561,ccciw.moritz.schmidt@outlook.com,PRISM-DE-00113,CC-PRISM-002,2026-03-31T13:05:22Z,16.8,2026-04-04T23:59:59Z,true
TEL-2026-000562,ccciw.laura.huber@web.de,NOVA-DE-00096,CC-NOVA-002,2026-03-31T18:33:53Z,419.9,2026-04-04T23:59:59Z,false
TEL-2026-000563,ccciw.nora.brunner@gmx.de,NOVA-CH-00010,CC-NOVA-001,2026-03-31T18:55:48Z,150.5,2026-04-04T23:59:59Z,false
TEL-2026-000564,ccciw.max.vogel@outlook.com,CHROMA-DE-00117,CC-CHROMA-002,2026-03-31T21:09:28Z,184.6,2026-04-04T23:59:59Z,true
TEL-2026-000565,ccciw.paul.schneider@gmail.com,NOVA-DE-00114,CC-NOVA-001,2026-03-31T23:23:00Z,161.1,2026-04-04T23:59:59Z,false
TEL-2026-000566,ccciw.emma.neumann@t-online.de,CHROMA-DE-00055,CC-CHROMA-001,2026-04-01T04:22:53Z,387.2,2026-04-04T23:59:59Z,true
TEL-2026-000567,ccciw.moritz.schmidt@outlook.com,PRISM-DE-00021,CC-PRISM-001,2026-04-01T19:05:22Z,252.1,2026-04-04T23:59:59Z,true
TEL-2026-000568,ccciw.pablo.martin@outlook.com,CHROMA-ES-00002,CC-CHROMA-001,2026-04-02T21:48:03Z,174.4,2026-04-04T23:59:59Z,true
TEL-2026-000569,ccciw.sebastian.lange@t-online.de,PRISM-DE-00080,CC-PRISM-001,2026-04-04T11:52:15Z,223.7,2026-04-04T23:59:59Z,true
TEL-2026-000570,ccciw.lisa.schneider@outlook.com,AURA-DE-00050,CC-AURA-001,2026-04-04T12:17:34Z,42.7,2026-04-04T23:59:59Z,false
TEL-2026-000571,ccciw.erik.kuhn@yahoo.com,LUMA-DE-00014,CC-LUMA-001,2026-04-04T23:59:59Z,95.6,2026-04-04T23:59:59Z,true
TEL-2026-000572,ccciw.javier.sanchez@outlook.com,PRISM-ES-00006,CC-PRISM-002,2026-04-04T23:59:59Z,11.9,2026-04-04T23:59:59Z,false
TEL-2026-000573,ccciw.jonas.krause@web.de,AURA-DE-00060,CC-AURA-001,2026-04-04T23:59:59Z,68.5,2026-04-04T23:59:59Z,true
TEL-2026-000574,ccciw.marie.huber@web.de,AURA-DE-00056,CC-AURA-001,2026-04-04T23:59:59Z,35.7,2026-04-04T23:59:59Z,true
TEL-2026-000575,ccciw.melina.franke@outlook.com,CHROMA-DE-00118,CC-CHROMA-002,2026-04-04T23:59:59Z,34.2,2026-04-04T23:59:59Z,true
TEL-2026-000576,ccciw.melina.muller@gmail.com,PRISM-DE-00114,CC-PRISM-001,2026-04-04T23:59:59Z,46.0,2026-04-04T23:59:59Z,true
TEL-2026-000577,ccciw.melina.schwarz@outlook.com,CHROMA-DE-00119,CC-CHROMA-002,2026-04-04T23:59:59Z,24.0,2026-04-04T23:59:59Z,true
TEL-2026-000578,ccciw.mia.schmitz@outlook.com,PRISM-DE-00116,CC-PRISM-001,2026-04-04T23:59:59Z,200.7,2026-04-04T23:59:59Z,false
TEL-2026-000579,ccciw.moritz.kruger@web.de,PRISM-DE-00035,CC-PRISM-001,2026-04-04T23:59:59Z,89.7,2026-04-04T23:59:59Z,true
TEL-2026-000580,ccciw.niklas.schroder@gmx.de,LUMA-DE-00103,CC-LUMA-001,2026-04-04T23:59:59Z,26.7,2026-04-04T23:59:59Z,true
TEL-2026-000581,ccciw.noa.bos@yahoo.com,PRISM-NL-00004,CC-PRISM-002,2026-04-04T23:59:59Z,9.0,2026-04-04T23:59:59Z,false
TEL-2026-000582,ccciw.philipp.krause@web.de,CHROMA-DE-00115,CC-CHROMA-002,2026-04-04T23:59:59Z,66.7,2026-04-04T23:59:59Z,true
TEL-2026-000583,ccciw.philipp.kuhn@gmx.de,LUMA-DE-00102,CC-LUMA-002,2026-04-04T23:59:59Z,152.7,2026-04-04T23:59:59Z,true
TEL-2026-000584,ccciw.tobias.koch@gmail.com,LUMA-DE-00089,CC-LUMA-001,2026-04-04T23:59:59Z,174.4,2026-04-04T23:59:59Z,true
TEL-2026-000585,ccciw.hannah.pichler@t-online.de,CHROMA-AT-00008,CC-CHROMA-001,2026-04-04T23:59:59Z,4.5,2026-04-04T23:59:59Z,true
TEL-2026-000586,ccciw.lena.becker@gmail.com,CHROMA-DE-00101,CC-CHROMA-002,2026-04-04T23:59:59Z,73.1,2026-04-04T23:59:59Z,false
TEL-2026-000587,ccciw.jan.kaiser@web.de,PRISM-DE-00099,CC-PRISM-001,2026-04-04T23:59:59Z,43.0,2026-04-04T23:59:59Z,false
TEL-2026-000588,ccciw.felix.lange@web.de,LUMA-DE-00093,CC-LUMA-002,2026-04-04T23:59:59Z,11.4,2026-04-04T23:59:59Z,true
TEL-2026-000589,ccciw.nora.bieri@gmx.de,CHROMA-CH-00003,CC-CHROMA-002,2026-04-04T23:59:59Z,26.1,2026-04-04T23:59:59Z,true
TEL-2026-000590,ccciw.jan.weber@gmail.com,CHROMA-DE-00114,CC-CHROMA-002,2026-04-04T23:59:59Z,126.3,2026-04-04T23:59:59Z,true
TEL-2026-000591,ccciw.melina.werner@outlook.com,AURA-DE-00055,CC-AURA-001,2026-04-04T23:59:59Z,391.6,2026-04-04T23:59:59Z,true
TEL-2026-000592,ccciw.erik.kuhn@yahoo.com,LUMA-DE-00101,CC-LUMA-002,2026-04-04T23:59:59Z,47.3,2026-04-04T23:59:59Z,true
TEL-2026-000593,ccciw.lisa.franke@gmx.de,PRISM-DE-00112,CC-PRISM-002,2026-04-04T23:59:59Z,39.8,2026-04-04T23:59:59Z,true
TEL-2026-000594,ccciw.emma.krause@web.de,CHROMA-DE-00116,CC-CHROMA-001,2026-04-04T23:59:59Z,36.5,2026-04-04T23:59:59Z,false
TEL-2026-000595,ccciw.lea.durand@outlook.com,AURA-FR-00003,CC-AURA-001,2026-04-04T23:59:59Z,88.9,2026-04-04T23:59:59Z,true
TEL-2026-000596,ccciw.anna.schmidt@gmx.de,NOVA-DE-00117,CC-NOVA-002,2026-04-04T23:59:59Z,190.6,2026-04-04T23:59:59Z,true
TEL-2026-000597,ccciw.david.krause@gmail.com,AURA-DE-00059,CC-AURA-001,2026-04-04T23:59:59Z,24.6,2026-04-04T23:59:59Z,true
TEL-2026-000598,ccciw.emma.krause@web.de,AURA-DE-00061,CC-AURA-001,2026-04-04T23:59:59Z,79.6,2026-04-04T23:59:59Z,false
TEL-2026-000599,ccciw.jana.meier@outlook.com,LUMA-DE-00104,CC-LUMA-002,2026-04-04T23:59:59Z,140.7,2026-04-04T23:59:59Z,true
TEL-2026-000600,ccciw.lukas.moller@yahoo.com,PRISM-DE-00115,CC-PRISM-002,2026-04-04T23:59:59Z,125.3,2026-04-04T23:59:59Z,true
