registrationid,serialnumber,productid,user,registrationdate,warrantyenddate,preferredlanguage,registrationchannel
REG-2026-000001,NOVA-FR-00001,CC-NOVA-002,ccciw.lucas.petit@outlook.com,2025-04-05T02:21:43Z,2025-06-05T02:21:43Z,es,webpage
REG-2026-000002,AURA-DE-00001,CC-AURA-001,ccciw.marie.wagner@gmx.de,2025-04-07T17:30:09Z,2025-06-07T17:30:09Z,en,webpage
REG-2026-000003,CHROMA-AT-00001,CC-CHROMA-002,ccciw.katharina.eder@web.de,2025-04-07T21:04:07Z,2025-06-07T21:04:07Z,en,app
REG-2026-000004,NOVA-DE-00001,CC-NOVA-001,ccciw.sarah.fischer@gmail.com,2025-04-08T03:02:03Z,2025-06-08T03:02:03Z,en,app
REG-2026-000005,NOVA-UK-00001,CC-NOVA-001,ccciw.amelia.thomas@yahoo.com,2025-04-10T23:36:18Z,2025-06-10T23:36:18Z,en,app
REG-2026-000006,AURA-AT-00001,CC-AURA-001,ccciw.tobias.mayr@gmail.com,2025-07-11T08:39:51Z,2025-09-11T08:39:51Z,en,in-store
REG-2026-000007,CHROMA-NL-00001,CC-CHROMA-001,ccciw.bram.bakker@t-online.de,,,,
REG-2026-000008,LUMA-DE-00001,CC-LUMA-002,ccciw.max.kruger@gmail.com,2025-04-07T15:11:13Z,2025-06-07T15:11:13Z,en,in-store
REG-2026-000009,NOVA-DE-00002,CC-NOVA-001,ccciw.jonas.klein@yahoo.com,2025-04-08T16:04:52Z,2025-06-08T16:04:52Z,en,app
REG-2026-000010,NOVA-ES-00001,CC-NOVA-002,ccciw.lucia.ruiz@outlook.com,2025-04-13T21:55:19Z,2025-06-13T21:55:19Z,en,phone
REG-2026-000011,NOVA-DE-00003,CC-NOVA-002,ccciw.lukas.kaiser@outlook.com,2025-04-09T10:59:07Z,2025-06-09T10:59:07Z,en,in-store
REG-2026-000012,CHROMA-NL-00002,CC-CHROMA-001,ccciw.daan.mulder@web.de,,,,
REG-2026-000013,CHROMA-DE-00001,CC-CHROMA-002,ccciw.sophie.richter@gmail.com,2025-07-07T23:01:06Z,2025-09-07T23:01:06Z,en,webpage
REG-2026-000014,NOVA-DE-00004,CC-NOVA-002,ccciw.tim.meyer@gmail.com,2025-04-13T20:19:23Z,2025-06-13T20:19:23Z,en,webpage
REG-2026-000015,LUMA-DE-00002,CC-LUMA-001,ccciw.sarah.werner@web.de,2025-04-12T15:47:46Z,2025-06-12T15:47:46Z,en,app
REG-2026-000016,NOVA-CH-00001,CC-NOVA-002,ccciw.nina.brunner@gmail.com,2025-04-15T17:32:36Z,2025-06-15T17:32:36Z,en,phone
REG-2026-000017,CHROMA-DE-00002,CC-CHROMA-001,ccciw.tim.neumann@outlook.com,2025-04-17T07:09:52Z,2025-06-17T07:09:52Z,en,in-store
REG-2026-000018,LUMA-DE-00003,CC-LUMA-001,ccciw.lisa.schneider@outlook.com,,,,
REG-2026-000019,AURA-DE-00002,CC-AURA-001,ccciw.sophie.krause@outlook.com,2025-04-18T08:56:29Z,2025-06-18T08:56:29Z,en,in-store
REG-2026-000020,LUMA-DE-00004,CC-LUMA-002,ccciw.felix.winter@gmail.com,2025-04-18T05:08:13Z,2025-06-18T05:08:13Z,en,phone
REG-2026-000021,CHROMA-DE-00003,CC-CHROMA-001,ccciw.melina.kruger@gmx.de,2025-04-18T13:51:50Z,2025-06-18T13:51:50Z,en,in-store
REG-2026-000022,NOVA-DE-00005,CC-NOVA-002,ccciw.philipp.huber@outlook.com,,,,
REG-2026-000023,PRISM-DE-00001,CC-PRISM-002,ccciw.anna.meier@gmx.de,2025-04-17T01:08:53Z,2025-06-17T01:08:53Z,fr,in-store
REG-2026-000024,PRISM-FR-00001,CC-PRISM-001,ccciw.lea.durand@outlook.com,2025-04-14T03:41:34Z,2025-06-14T03:41:34Z,en,webpage
REG-2026-000025,CHROMA-DE-00004,CC-CHROMA-001,ccciw.sebastian.lange@t-online.de,2025-04-17T03:39:28Z,2025-06-17T03:39:28Z,en,app
REG-2026-000026,PRISM-DE-00002,CC-PRISM-001,ccciw.niklas.lorenz@yahoo.com,2025-04-18T01:21:54Z,2025-06-18T01:21:54Z,en,webpage
REG-2026-000027,LUMA-DE-00005,CC-LUMA-002,ccciw.moritz.neumann@web.de,,,,
REG-2026-000028,LUMA-AT-00001,CC-LUMA-001,ccciw.theresa.auer@t-online.de,,,,
REG-2026-000029,NOVA-DE-00006,CC-NOVA-002,ccciw.lukas.schmitz@web.de,2025-04-20T19:07:08Z,2025-06-20T19:07:08Z,en,app
REG-2026-000030,AURA-DE-00003,CC-AURA-001,ccciw.lena.lehmann@gmail.com,,,,
REG-2026-000031,LUMA-DE-00006,CC-LUMA-001,ccciw.sophie.lehmann@gmail.com,2025-04-17T00:45:05Z,2025-06-17T00:45:05Z,en,phone
REG-2026-000032,LUMA-DE-00007,CC-LUMA-002,ccciw.leon.becker@gmx.de,2025-04-17T17:26:43Z,2025-06-17T17:26:43Z,en,webpage
REG-2026-000033,PRISM-DE-00003,CC-PRISM-001,ccciw.marie.franke@gmx.de,2025-04-17T22:31:44Z,2025-06-17T22:31:44Z,en,phone
REG-2026-000034,LUMA-DE-00008,CC-LUMA-002,ccciw.sarah.franke@t-online.de,2025-04-23T05:28:48Z,2025-06-23T05:28:48Z,en,webpage
REG-2026-000035,NOVA-DE-00007,CC-NOVA-001,ccciw.melina.werner@outlook.com,2025-04-25T00:08:04Z,2025-06-25T00:08:04Z,en,phone
REG-2026-000036,PRISM-DE-00004,CC-PRISM-002,ccciw.philipp.schroder@t-online.de,2025-04-19T18:07:14Z,2025-06-19T18:07:14Z,en,app
REG-2026-000037,NOVA-DE-00008,CC-NOVA-002,ccciw.emma.winter@gmx.de,2025-04-19T21:49:56Z,2025-06-19T21:49:56Z,en,phone
REG-2026-000038,AURA-UK-00001,CC-AURA-001,ccciw.amelia.thomas@yahoo.com,2025-04-22T14:52:26Z,2025-06-22T14:52:26Z,en,webpage
REG-2026-000039,NOVA-DE-00009,CC-NOVA-001,ccciw.emma.krause@web.de,,,,
REG-2026-000040,NOVA-DE-00010,CC-NOVA-001,ccciw.philipp.lange@gmx.de,2025-04-22T10:47:23Z,2025-06-22T10:47:23Z,en,webpage
REG-2026-000041,LUMA-DE-00009,CC-LUMA-002,ccciw.finn.schneider@gmail.com,,,,
REG-2026-000042,AURA-DE-00004,CC-AURA-001,ccciw.anna.schmitz@web.de,2025-04-26T19:31:02Z,2025-06-26T19:31:02Z,pl,phone
REG-2026-000043,PRISM-DE-00005,CC-PRISM-001,ccciw.marlene.hartmann@gmail.com,2025-04-25T21:48:36Z,2025-06-25T21:48:36Z,en,app
REG-2026-000044,CHROMA-DE-00005,CC-CHROMA-001,ccciw.lea.lorenz@gmail.com,2025-04-23T10:27:21Z,2025-06-23T10:27:21Z,en,webpage
REG-2026-000045,LUMA-DE-00010,CC-LUMA-001,ccciw.david.kruger@gmx.de,2025-04-25T01:47:52Z,2025-06-25T01:47:52Z,en,phone
REG-2026-000046,NOVA-DE-00011,CC-NOVA-001,ccciw.melina.schroder@gmail.com,2025-04-24T08:15:37Z,2025-06-24T08:15:37Z,en,webpage
REG-2026-000047,NOVA-DE-00012,CC-NOVA-002,ccciw.laura.schmitz@outlook.com,2025-04-29T05:48:20Z,2025-06-29T05:48:20Z,en,webpage
REG-2026-000048,LUMA-DE-00011,CC-LUMA-001,ccciw.paul.neumann@gmail.com,,,,
REG-2026-000049,PRISM-UK-00001,CC-PRISM-002,ccciw.emily.smith@outlook.com,2025-04-30T04:54:43Z,2025-06-30T04:54:43Z,en,phone
REG-2026-000050,NOVA-DE-00013,CC-NOVA-001,ccciw.tim.klein@gmx.de,2025-04-26T03:12:35Z,2025-06-26T03:12:35Z,en,in-store
REG-2026-000051,CHROMA-DE-00006,CC-CHROMA-001,ccciw.sarah.schmidt@web.de,2025-04-26T13:24:12Z,2025-06-26T13:24:12Z,en,webpage
REG-2026-000052,CHROMA-DE-00007,CC-CHROMA-001,ccciw.david.koch@gmail.com,2025-04-29T12:29:44Z,2025-06-29T12:29:44Z,en,webpage
REG-2026-000053,NOVA-DE-00014,CC-NOVA-002,ccciw.leon.klein@outlook.com,2025-04-29T01:17:27Z,2025-06-29T01:17:27Z,en,phone
REG-2026-000054,NOVA-DE-00015,CC-NOVA-001,ccciw.niklas.lang@t-online.de,2025-04-28T03:52:20Z,2025-06-28T03:52:20Z,pl,app
REG-2026-000055,AURA-CH-00001,CC-AURA-001,ccciw.pascal.brunner@web.de,2025-05-05T14:22:40Z,2025-07-05T14:22:40Z,en,in-store
REG-2026-000056,CHROMA-DE-00008,CC-CHROMA-002,ccciw.laura.engel@outlook.com,2025-04-29T03:01:12Z,2025-06-29T03:01:12Z,en,in-store
REG-2026-000057,LUMA-DE-00012,CC-LUMA-001,ccciw.noah.hartmann@web.de,2025-05-28T17:49:53Z,2025-07-28T17:49:53Z,en,phone
REG-2026-000058,CHROMA-DE-00009,CC-CHROMA-001,ccciw.sarah.schmitz@gmx.de,2025-05-01T14:14:45Z,2025-07-01T14:14:45Z,es,app
REG-2026-000059,AURA-AT-00002,CC-AURA-001,ccciw.hannah.leitner@gmail.com,2025-05-02T12:46:16Z,2025-07-02T12:46:16Z,en,webpage
REG-2026-000060,NOVA-DE-00016,CC-NOVA-001,ccciw.philipp.weber@web.de,2025-05-02T04:27:39Z,2025-07-02T04:27:39Z,en,webpage
REG-2026-000061,CHROMA-DE-00010,CC-CHROMA-002,ccciw.sarah.moller@gmail.com,2025-04-30T01:37:18Z,2025-06-30T01:37:18Z,en,app
REG-2026-000062,PRISM-DE-00006,CC-PRISM-002,ccciw.moritz.lorenz@outlook.com,,,,
REG-2026-000063,CHROMA-DE-00011,CC-CHROMA-001,ccciw.nina.richter@gmail.com,2025-05-06T11:37:45Z,2025-07-06T11:37:45Z,en,webpage
REG-2026-000064,LUMA-ES-00001,CC-LUMA-001,ccciw.elena.martinez@yahoo.com,2025-05-20T08:11:34Z,2025-07-20T08:11:34Z,en,phone
REG-2026-000065,AURA-DE-00005,CC-AURA-001,ccciw.sophie.fischer@t-online.de,2025-05-04T04:33:31Z,2025-07-04T04:33:31Z,en,webpage
REG-2026-000066,NOVA-DE-00017,CC-NOVA-002,ccciw.lea.becker@gmail.com,2025-05-02T21:44:33Z,2025-07-02T21:44:33Z,en,in-store
REG-2026-000067,NOVA-DE-00018,CC-NOVA-001,ccciw.lukas.peters@outlook.com,2025-05-06T13:26:21Z,2025-07-06T13:26:21Z,en,webpage
REG-2026-000068,PRISM-CH-00001,CC-PRISM-001,ccciw.marco.sutter@gmail.com,2025-05-09T02:04:35Z,2025-07-09T02:04:35Z,en,in-store
REG-2026-000069,NOVA-DE-00019,CC-NOVA-001,ccciw.finn.winter@outlook.com,2025-05-03T12:28:25Z,2025-07-03T12:28:25Z,en,app
REG-2026-000070,PRISM-DE-00007,CC-PRISM-002,ccciw.philipp.becker@gmail.com,2025-05-10T07:39:03Z,2025-07-10T07:39:03Z,en,in-store
REG-2026-000071,NOVA-DE-00020,CC-NOVA-001,ccciw.sarah.lange@yahoo.com,2025-05-08T13:04:13Z,2025-07-08T13:04:13Z,en,in-store
REG-2026-000072,CHROMA-DE-00012,CC-CHROMA-001,ccciw.lukas.moller@yahoo.com,2025-05-08T23:19:58Z,2025-07-08T23:19:58Z,en,phone
REG-2026-000073,NOVA-DE-00021,CC-NOVA-002,ccciw.tim.fischer@web.de,2025-06-12T19:00:26Z,2025-08-12T19:00:26Z,en,phone
REG-2026-000074,NOVA-DE-00022,CC-NOVA-002,ccciw.david.lehmann@web.de,2025-05-07T17:54:44Z,2025-07-07T17:54:44Z,en,app
REG-2026-000075,PRISM-DE-00008,CC-PRISM-001,ccciw.jan.klein@outlook.com,2025-05-10T20:01:29Z,2025-07-10T20:01:29Z,en,app
REG-2026-000076,LUMA-DE-00013,CC-LUMA-001,ccciw.lena.hartmann@yahoo.com,2025-05-13T10:14:40Z,2025-07-13T10:14:40Z,en,app
REG-2026-000077,LUMA-DE-00014,CC-LUMA-001,ccciw.erik.kuhn@yahoo.com,2025-05-10T22:20:39Z,2025-07-10T22:20:39Z,en,in-store
REG-2026-000078,LUMA-DE-00015,CC-LUMA-001,ccciw.moritz.fischer@web.de,2025-05-10T16:10:43Z,2025-07-10T16:10:43Z,en,phone
REG-2026-000079,CHROMA-CH-00001,CC-CHROMA-002,ccciw.nina.zurbuchen@gmail.com,,,,
REG-2026-000080,LUMA-DE-00016,CC-LUMA-002,ccciw.sophie.richter@gmail.com,2025-05-12T00:31:54Z,2025-07-12T00:31:54Z,en,phone
REG-2026-000081,PRISM-DE-00009,CC-PRISM-002,ccciw.julia.schmidt@yahoo.com,2025-05-08T07:53:29Z,2025-07-08T07:53:29Z,en,app
REG-2026-000082,NOVA-DE-00023,CC-NOVA-002,ccciw.sophie.moller@outlook.com,2025-05-09T20:06:08Z,2025-07-09T20:06:08Z,en,app
REG-2026-000083,LUMA-ES-00002,CC-LUMA-002,ccciw.pablo.martin@outlook.com,,,,
REG-2026-000084,PRISM-DE-00010,CC-PRISM-001,ccciw.melina.werner@outlook.com,2025-05-09T17:30:25Z,2025-07-09T17:30:25Z,en,app
REG-2026-000085,CHROMA-DE-00013,CC-CHROMA-001,ccciw.sophie.lehmann@gmail.com,2025-05-07T08:57:19Z,2025-07-07T08:57:19Z,en,app
REG-2026-000086,LUMA-DE-00017,CC-LUMA-001,ccciw.noah.klein@gmail.com,2025-05-12T12:46:11Z,2025-07-12T12:46:11Z,en,in-store
REG-2026-000087,PRISM-DE-00011,CC-PRISM-001,ccciw.jonas.lang@web.de,2025-05-07T12:28:40Z,2025-07-07T12:28:40Z,en,app
REG-2026-000088,PRISM-DE-00012,CC-PRISM-001,ccciw.jonas.schmitz@gmail.com,2025-05-15T00:45:44Z,2025-07-15T00:45:44Z,en,webpage
REG-2026-000089,LUMA-DE-00018,CC-LUMA-002,ccciw.sophie.lehmann@gmail.com,2025-05-10T00:11:23Z,2025-07-10T00:11:23Z,en,in-store
REG-2026-000090,AURA-DE-00006,CC-AURA-001,ccciw.lisa.wagner@web.de,2025-05-16T21:46:01Z,2025-07-16T21:46:01Z,en,webpage
REG-2026-000091,AURA-DE-00007,CC-AURA-001,ccciw.kathrin.becker@t-online.de,2025-05-28T20:38:43Z,2025-07-28T20:38:43Z,en,in-store
REG-2026-000092,PRISM-DE-00013,CC-PRISM-001,ccciw.kathrin.muller@outlook.com,2025-05-16T14:14:14Z,2025-07-16T14:14:14Z,en,webpage
REG-2026-000093,PRISM-DE-00014,CC-PRISM-001,ccciw.mia.kuhn@web.de,2025-05-12T19:44:58Z,2025-07-12T19:44:58Z,en,phone
REG-2026-000094,NOVA-CH-00002,CC-NOVA-002,ccciw.luca.frei@web.de,,,,
REG-2026-000095,NOVA-CH-00003,CC-NOVA-002,ccciw.nina.zurbuchen@gmail.com,2025-08-06T05:57:58Z,2025-10-06T05:57:58Z,en,phone
REG-2026-000096,PRISM-DE-00015,CC-PRISM-001,ccciw.erik.hoffmann@web.de,2025-05-12T11:02:24Z,2025-07-12T11:02:24Z,en,app
REG-2026-000097,NOVA-DE-00024,CC-NOVA-001,ccciw.max.klein@t-online.de,2025-08-21T08:11:58Z,2025-10-21T08:11:58Z,en,app
REG-2026-000098,LUMA-DE-00019,CC-LUMA-001,ccciw.niklas.werner@web.de,2025-05-17T00:10:03Z,2025-07-17T00:10:03Z,en,in-store
REG-2026-000099,NOVA-DE-00025,CC-NOVA-002,ccciw.erik.braun@gmx.de,2025-05-17T17:44:54Z,2025-07-17T17:44:54Z,en,app
REG-2026-000100,NOVA-NL-00001,CC-NOVA-002,ccciw.daan.mulder@web.de,2025-08-26T13:08:42Z,2025-10-26T13:08:42Z,en,phone
REG-2026-000101,LUMA-FR-00001,CC-LUMA-002,ccciw.sarah.robert@web.de,2025-05-15T09:58:54Z,2025-07-15T09:58:54Z,en,in-store
REG-2026-000102,CHROMA-DE-00014,CC-CHROMA-002,ccciw.lea.huber@yahoo.com,2025-09-01T22:41:17Z,2025-11-01T22:41:17Z,en,webpage
REG-2026-000103,CHROMA-DE-00015,CC-CHROMA-001,ccciw.julia.lange@outlook.com,2025-06-19T18:06:01Z,2025-08-19T18:06:01Z,pl,webpage
REG-2026-000104,NOVA-DE-00026,CC-NOVA-002,ccciw.paul.meier@yahoo.com,2025-05-17T05:11:12Z,2025-07-17T05:11:12Z,en,phone
REG-2026-000105,NOVA-DE-00027,CC-NOVA-001,ccciw.emma.lang@t-online.de,2025-07-31T08:04:32Z,2025-09-30T08:04:32Z,es,phone
REG-2026-000106,LUMA-DE-00020,CC-LUMA-001,ccciw.kathrin.wagner@web.de,,,,
REG-2026-000107,PRISM-DE-00016,CC-PRISM-001,ccciw.jana.lange@web.de,,,,
REG-2026-000108,PRISM-UK-00002,CC-PRISM-002,ccciw.grace.taylor@t-online.de,2025-05-23T17:59:29Z,2025-07-23T17:59:29Z,en,phone
REG-2026-000109,AURA-FR-00001,CC-AURA-001,ccciw.jules.richard@yahoo.com,2025-05-22T23:10:49Z,2025-07-22T23:10:49Z,en,phone
REG-2026-000110,CHROMA-DE-00016,CC-CHROMA-002,ccciw.max.neumann@gmx.de,2025-05-23T14:24:18Z,2025-07-23T14:24:18Z,en,in-store
REG-2026-000111,PRISM-DE-00017,CC-PRISM-001,ccciw.leon.klein@outlook.com,2025-06-14T16:36:08Z,2025-08-14T16:36:08Z,en,in-store
REG-2026-000112,LUMA-DE-00021,CC-LUMA-001,ccciw.sarah.klein@gmx.de,2025-05-29T17:21:29Z,2025-07-29T17:21:29Z,en,app
REG-2026-000113,CHROMA-NL-00003,CC-CHROMA-002,ccciw.noa.devries@t-online.de,2025-05-24T21:43:51Z,2025-07-24T21:43:51Z,en,webpage
REG-2026-000114,NOVA-DE-00028,CC-NOVA-001,ccciw.noah.meyer@outlook.com,,,,
REG-2026-000115,PRISM-DE-00018,CC-PRISM-002,ccciw.paul.meier@yahoo.com,2025-05-29T08:39:07Z,2025-07-29T08:39:07Z,es,in-store
REG-2026-000116,PRISM-DE-00019,CC-PRISM-001,ccciw.jan.weber@gmail.com,2025-06-01T04:23:35Z,2025-08-01T04:23:35Z,en,phone
REG-2026-000117,CHROMA-CH-00002,CC-CHROMA-002,ccciw.nora.brunner@gmx.de,2025-06-02T09:50:23Z,2025-08-02T09:50:23Z,en,webpage
REG-2026-000118,CHROMA-DE-00017,CC-CHROMA-002,ccciw.jan.kaiser@web.de,,,,
REG-2026-000119,CHROMA-DE-00018,CC-CHROMA-001,ccciw.marie.schmitz@web.de,,,,
REG-2026-000120,CHROMA-DE-00019,CC-CHROMA-001,ccciw.noah.franke@outlook.com,2025-05-29T06:05:24Z,2025-07-29T06:05:24Z,en,app
REG-2026-000121,LUMA-DE-00022,CC-LUMA-002,ccciw.jana.schwarz@yahoo.com,2025-05-30T15:13:31Z,2025-07-30T15:13:31Z,en,webpage
REG-2026-000122,AURA-DE-00008,CC-AURA-001,ccciw.marie.weber@outlook.com,2025-05-30T13:01:41Z,2025-07-30T13:01:41Z,en,app
REG-2026-000123,AURA-FR-00002,CC-AURA-001,ccciw.jules.petit@web.de,2025-06-02T19:52:35Z,2025-08-02T19:52:35Z,en,phone
REG-2026-000124,PRISM-CH-00002,CC-PRISM-002,ccciw.jan.widmer@gmx.de,2025-06-05T03:25:21Z,2025-08-05T03:25:21Z,en,in-store
REG-2026-000125,AURA-DE-00009,CC-AURA-001,ccciw.jonas.wagner@gmx.de,2025-06-02T23:54:25Z,2025-08-02T23:54:25Z,en,webpage
REG-2026-000126,NOVA-DE-00029,CC-NOVA-002,ccciw.tim.neumann@outlook.com,2025-09-13T20:04:30Z,2025-11-13T20:04:30Z,en,in-store
REG-2026-000127,NOVA-DE-00030,CC-NOVA-001,ccciw.felix.engel@web.de,2025-06-02T16:54:21Z,2025-08-02T16:54:21Z,en,app
REG-2026-000128,NOVA-DE-00031,CC-NOVA-002,ccciw.julia.lehmann@web.de,,,,
REG-2026-000129,CHROMA-DE-00020,CC-CHROMA-001,ccciw.julia.huber@outlook.com,,,,
REG-2026-000130,AURA-ES-00001,CC-AURA-001,ccciw.carlos.rodriguez@gmx.de,2025-06-08T15:42:33Z,2025-08-08T15:42:33Z,en,in-store
REG-2026-000131,AURA-DE-00010,CC-AURA-001,ccciw.emma.kaiser@gmx.de,2025-06-01T13:52:38Z,2025-08-01T13:52:38Z,en,in-store
REG-2026-000132,LUMA-DE-00023,CC-LUMA-002,ccciw.finn.schwarz@gmx.de,2025-06-08T00:43:44Z,2025-08-08T00:43:44Z,en,in-store
REG-2026-000133,LUMA-DE-00024,CC-LUMA-002,ccciw.jana.lange@web.de,2025-06-08T07:18:17Z,2025-08-08T07:18:17Z,en,webpage
REG-2026-000134,CHROMA-DE-00021,CC-CHROMA-002,ccciw.niklas.peters@yahoo.com,2025-08-12T14:01:19Z,2025-10-12T14:01:19Z,en,in-store
REG-2026-000135,NOVA-DE-00032,CC-NOVA-002,ccciw.nina.richter@gmail.com,2025-06-09T23:28:25Z,2025-08-09T23:28:25Z,en,in-store
REG-2026-000136,NOVA-DE-00033,CC-NOVA-001,ccciw.clara.becker@gmx.de,2025-06-05T14:28:10Z,2025-08-05T14:28:10Z,en,webpage
REG-2026-000137,NOVA-DE-00034,CC-NOVA-002,ccciw.lea.lorenz@gmail.com,2025-06-08T12:22:06Z,2025-08-08T12:22:06Z,en,webpage
REG-2026-000138,LUMA-DE-00025,CC-LUMA-002,ccciw.clara.becker@gmx.de,2025-06-09T02:34:08Z,2025-08-09T02:34:08Z,en,webpage
REG-2026-000139,NOVA-FR-00002,CC-NOVA-001,ccciw.lea.durand@outlook.com,2025-07-10T01:00:59Z,2025-09-10T01:00:59Z,en,phone
REG-2026-000140,LUMA-FR-00002,CC-LUMA-001,ccciw.chloe.moreau@gmx.de,2025-06-13T20:55:08Z,2025-08-13T20:55:08Z,en,webpage
REG-2026-000141,NOVA-DE-00035,CC-NOVA-002,ccciw.marie.engel@gmx.de,2025-06-10T14:23:03Z,2025-08-10T14:23:03Z,it,app
REG-2026-000142,NOVA-AT-00001,CC-NOVA-002,ccciw.tobias.huber@gmail.com,2025-06-10T05:17:04Z,2025-08-10T05:17:04Z,en,in-store
REG-2026-000143,NOVA-DE-00036,CC-NOVA-002,ccciw.leon.lorenz@web.de,2025-06-11T11:38:41Z,2025-08-11T11:38:41Z,en,phone
REG-2026-000144,NOVA-DE-00037,CC-NOVA-002,ccciw.emma.hartmann@outlook.com,2025-06-14T17:06:30Z,2025-08-14T17:06:30Z,en,phone
REG-2026-000145,LUMA-DE-00026,CC-LUMA-002,ccciw.max.wagner@gmail.com,2025-07-08T03:02:25Z,2025-09-08T03:02:25Z,fr,phone
REG-2026-000146,LUMA-DE-00027,CC-LUMA-001,ccciw.sophie.meier@web.de,,,,
REG-2026-000147,AURA-DE-00011,CC-AURA-001,ccciw.david.richter@t-online.de,2025-06-13T01:22:36Z,2025-08-13T01:22:36Z,en,phone
REG-2026-000148,LUMA-DE-00028,CC-LUMA-001,ccciw.marlene.muller@gmx.de,2025-07-21T03:03:52Z,2025-09-21T03:03:52Z,de,in-store
REG-2026-000149,NOVA-DE-00038,CC-NOVA-002,ccciw.nina.schroder@outlook.com,2025-06-13T10:40:41Z,2025-08-13T10:40:41Z,en,in-store
REG-2026-000150,LUMA-DE-00029,CC-LUMA-002,ccciw.felix.meyer@gmail.com,2025-07-30T21:03:02Z,2025-09-30T21:03:02Z,en,phone
REG-2026-000151,LUMA-DE-00030,CC-LUMA-002,ccciw.finn.richter@gmail.com,2025-06-26T12:49:26Z,2025-08-26T12:49:26Z,en,in-store
REG-2026-000152,AURA-DE-00012,CC-AURA-001,ccciw.anna.kuhn@gmx.de,2025-06-16T06:11:40Z,2025-08-16T06:11:40Z,en,app
REG-2026-000153,LUMA-UK-00001,CC-LUMA-001,ccciw.grace.wilson@t-online.de,2025-06-13T04:51:21Z,2025-08-13T04:51:21Z,en,in-store
REG-2026-000154,PRISM-DE-00020,CC-PRISM-001,ccciw.philipp.schroder@t-online.de,2025-09-08T17:07:49Z,2025-11-08T17:07:49Z,en,app
REG-2026-000155,NOVA-NL-00002,CC-NOVA-002,ccciw.fleur.bakker@gmx.de,2025-06-14T05:14:31Z,2025-08-14T05:14:31Z,en,phone
REG-2026-000156,LUMA-DE-00031,CC-LUMA-001,ccciw.lukas.schmitz@web.de,,,,
REG-2026-000157,PRISM-DE-00021,CC-PRISM-001,ccciw.moritz.schmidt@outlook.com,2025-07-30T11:03:08Z,2025-09-30T11:03:08Z,en,phone
REG-2026-000158,NOVA-DE-00039,CC-NOVA-002,ccciw.lukas.moller@yahoo.com,2025-06-16T15:36:54Z,2025-08-16T15:36:54Z,en,phone
REG-2026-000159,PRISM-DE-00022,CC-PRISM-001,ccciw.sarah.richter@gmail.com,2025-07-20T11:31:42Z,2025-09-20T11:31:42Z,en,app
REG-2026-000160,PRISM-DE-00023,CC-PRISM-002,ccciw.max.krause@outlook.com,2025-06-20T00:05:32Z,2025-08-20T00:05:32Z,en,webpage
REG-2026-000161,LUMA-DE-00032,CC-LUMA-001,ccciw.paul.schneider@gmail.com,2025-06-15T07:44:41Z,2025-08-15T07:44:41Z,en,app
REG-2026-000162,CHROMA-AT-00002,CC-CHROMA-002,ccciw.hannah.moser@web.de,2025-06-16T03:07:25Z,2025-08-16T03:07:25Z,en,app
REG-2026-000163,PRISM-DE-00024,CC-PRISM-001,ccciw.julia.klein@gmx.de,2025-06-18T12:28:46Z,2025-08-18T12:28:46Z,en,phone
REG-2026-000164,LUMA-DE-00033,CC-LUMA-001,ccciw.kathrin.becker@t-online.de,2025-06-18T14:39:10Z,2025-08-18T14:39:10Z,en,phone
REG-2026-000165,PRISM-DE-00025,CC-PRISM-002,ccciw.david.kuhn@yahoo.com,2025-07-18T11:12:40Z,2025-09-18T11:12:40Z,en,app
REG-2026-000166,PRISM-DE-00026,CC-PRISM-002,ccciw.philipp.vogel@web.de,2025-06-18T22:06:33Z,2025-08-18T22:06:33Z,en,phone
REG-2026-000167,LUMA-DE-00034,CC-LUMA-001,ccciw.anna.meier@gmx.de,2025-07-19T07:35:05Z,2025-09-19T07:35:05Z,en,webpage
REG-2026-000168,NOVA-DE-00040,CC-NOVA-002,ccciw.sophie.meier@web.de,2025-06-23T03:08:43Z,2025-08-23T03:08:43Z,en,in-store
REG-2026-000169,NOVA-CH-00004,CC-NOVA-001,ccciw.nora.bieri@gmx.de,2025-09-08T03:32:06Z,2026-01-08T03:32:06Z,en,webpage
REG-2026-000170,NOVA-DE-00041,CC-NOVA-002,ccciw.marie.franke@gmx.de,2025-06-24T15:40:02Z,2025-08-24T15:40:02Z,en,webpage
REG-2026-000171,CHROMA-DE-00022,CC-CHROMA-002,ccciw.david.kuhn@yahoo.com,2025-07-30T16:21:32Z,2025-09-30T16:21:32Z,en,phone
REG-2026-000172,LUMA-DE-00035,CC-LUMA-002,ccciw.jonas.kaiser@t-online.de,2025-06-27T00:37:20Z,2025-08-27T00:37:20Z,en,webpage
REG-2026-000173,AURA-DE-00013,CC-AURA-001,ccciw.philipp.lange@gmx.de,,,,
REG-2026-000174,CHROMA-DE-00023,CC-CHROMA-002,ccciw.philipp.lange@gmx.de,2025-06-23T19:47:47Z,2025-08-23T19:47:47Z,en,in-store
REG-2026-000175,NOVA-CH-00005,CC-NOVA-001,ccciw.adrian.stalder@gmx.de,2025-07-01T12:16:02Z,2025-09-01T12:16:02Z,en,webpage
REG-2026-000176,NOVA-DE-00042,CC-NOVA-002,ccciw.leon.becker@gmx.de,,,,
REG-2026-000177,AURA-DE-00014,CC-AURA-001,ccciw.marlene.lange@gmail.com,,,,
REG-2026-000178,PRISM-DE-00027,CC-PRISM-001,ccciw.clara.koch@gmail.com,2025-06-30T09:01:14Z,2025-08-30T09:01:14Z,en,webpage
REG-2026-000179,LUMA-CH-00001,CC-LUMA-002,ccciw.nina.keller@gmail.com,2025-06-29T00:12:29Z,2025-08-29T00:12:29Z,en,webpage
REG-2026-000180,CHROMA-NL-00004,CC-CHROMA-001,ccciw.sem.visser@web.de,2025-07-05T02:31:45Z,2025-09-05T02:31:45Z,en,in-store
REG-2026-000181,NOVA-DE-00043,CC-NOVA-002,ccciw.laura.lange@gmail.com,2025-07-01T03:20:03Z,2025-09-01T03:20:03Z,en,phone
REG-2026-000182,PRISM-DE-00028,CC-PRISM-001,ccciw.lea.lorenz@gmail.com,2025-06-30T20:34:35Z,2025-08-30T20:34:35Z,en,phone
REG-2026-000183,CHROMA-DE-00024,CC-CHROMA-002,ccciw.nina.richter@gmail.com,2025-07-01T11:47:08Z,2025-09-01T11:47:08Z,en,webpage
REG-2026-000184,CHROMA-DE-00025,CC-CHROMA-002,ccciw.ben.kuhn@outlook.com,,,,
REG-2026-000185,LUMA-DE-00036,CC-LUMA-001,ccciw.anna.lorenz@gmail.com,2025-07-05T05:18:14Z,2025-09-05T05:18:14Z,en,webpage
REG-2026-000186,LUMA-DE-00037,CC-LUMA-002,ccciw.david.koch@gmail.com,2025-07-06T07:39:49Z,2025-09-06T07:39:49Z,en,webpage
REG-2026-000187,PRISM-DE-00029,CC-PRISM-001,ccciw.lukas.moller@yahoo.com,2025-07-06T04:19:07Z,2025-09-06T04:19:07Z,en,in-store
REG-2026-000188,PRISM-DE-00030,CC-PRISM-002,ccciw.erik.lorenz@outlook.com,2025-07-01T15:58:08Z,2025-09-01T15:58:08Z,en,app
REG-2026-000189,PRISM-ES-00001,CC-PRISM-002,ccciw.elena.martin@gmx.de,2025-07-02T06:41:12Z,2025-09-02T06:41:12Z,en,webpage
REG-2026-000190,PRISM-DE-00031,CC-PRISM-001,ccciw.sarah.hoffmann@gmail.com,2025-07-03T23:09:35Z,2025-09-03T23:09:35Z,nl,in-store
REG-2026-000191,PRISM-DE-00032,CC-PRISM-002,ccciw.marie.weber@outlook.com,2025-07-07T06:18:29Z,2025-09-07T06:18:29Z,en,app
REG-2026-000192,NOVA-DE-00044,CC-NOVA-002,ccciw.philipp.kaiser@web.de,2025-07-05T19:49:58Z,2025-09-05T19:49:58Z,en,webpage
REG-2026-000193,CHROMA-DE-00026,CC-CHROMA-001,ccciw.julia.muller@gmail.com,,,,
REG-2026-000194,PRISM-DE-00033,CC-PRISM-001,ccciw.marie.kruger@outlook.com,,,,
REG-2026-000195,PRISM-DE-00034,CC-PRISM-001,ccciw.melina.schroder@gmail.com,2025-07-06T02:12:17Z,2025-09-06T02:12:17Z,en,app
REG-2026-000196,CHROMA-DE-00027,CC-CHROMA-001,ccciw.erik.wagner@gmail.com,2025-07-11T02:39:48Z,2025-09-11T02:39:48Z,nl,in-store
REG-2026-000197,NOVA-DE-00045,CC-NOVA-002,ccciw.david.werner@web.de,2025-07-05T02:07:33Z,2025-09-05T02:07:33Z,en,phone
REG-2026-000198,PRISM-DE-00035,CC-PRISM-001,ccciw.moritz.kruger@web.de,2025-07-06T03:22:13Z,2025-09-06T03:22:13Z,en,phone
REG-2026-000199,NOVA-DE-00046,CC-NOVA-002,ccciw.sarah.moller@gmail.com,2025-07-08T01:02:31Z,2025-09-08T01:02:31Z,en,app
REG-2026-000200,CHROMA-DE-00028,CC-CHROMA-002,ccciw.tobias.schneider@outlook.com,2025-07-11T19:13:15Z,2025-09-11T19:13:15Z,en,in-store
REG-2026-000201,CHROMA-DE-00029,CC-CHROMA-002,ccciw.lisa.lange@gmx.de,2025-07-07T06:46:30Z,2025-09-07T06:46:30Z,en,webpage
REG-2026-000202,NOVA-DE-00047,CC-NOVA-001,ccciw.lukas.winter@gmail.com,2025-10-22T13:24:27Z,2025-12-22T13:24:27Z,en,app
REG-2026-000203,CHROMA-DE-00030,CC-CHROMA-002,ccciw.tim.klein@gmx.de,2025-09-22T19:52:56Z,2025-11-22T19:52:56Z,en,phone
REG-2026-000204,CHROMA-DE-00031,CC-CHROMA-001,ccciw.marlene.lehmann@gmx.de,2025-07-24T21:03:25Z,2025-09-24T21:03:25Z,en,in-store
REG-2026-000205,NOVA-DE-00048,CC-NOVA-001,ccciw.jana.schneider@t-online.de,2025-07-15T20:34:44Z,2025-09-15T20:34:44Z,en,app
REG-2026-000206,LUMA-AT-00002,CC-LUMA-001,ccciw.katharina.gruber@t-online.de,2025-07-16T11:13:02Z,2025-09-16T11:13:02Z,en,in-store
REG-2026-000207,CHROMA-DE-00032,CC-CHROMA-001,ccciw.tobias.franke@gmail.com,2025-10-20T23:11:54Z,2025-12-20T23:11:54Z,fr,in-store
REG-2026-000208,CHROMA-DE-00033,CC-CHROMA-001,ccciw.jan.winter@web.de,2025-07-17T00:38:13Z,2025-09-17T00:38:13Z,en,webpage
REG-2026-000209,NOVA-AT-00002,CC-NOVA-001,ccciw.tobias.huber@gmail.com,,,,
REG-2026-000210,NOVA-DE-00049,CC-NOVA-001,ccciw.kathrin.wolf@gmail.com,2025-07-15T08:14:17Z,2025-09-15T08:14:17Z,en,phone
REG-2026-000211,NOVA-DE-00050,CC-NOVA-002,ccciw.ben.schmidt@gmx.de,,,,
REG-2026-000212,LUMA-DE-00038,CC-LUMA-001,ccciw.julia.schmitz@yahoo.com,2025-07-15T17:43:41Z,2025-09-15T17:43:41Z,en,phone
REG-2026-000213,LUMA-DE-00039,CC-LUMA-002,ccciw.paul.schneider@gmail.com,2025-07-21T12:01:18Z,2025-09-21T12:01:18Z,en,app
REG-2026-000214,PRISM-DE-00036,CC-PRISM-002,ccciw.marie.engel@gmx.de,2025-07-16T14:53:34Z,2025-09-16T14:53:34Z,en,phone
REG-2026-000215,CHROMA-DE-00034,CC-CHROMA-001,ccciw.niklas.lang@t-online.de,2025-07-21T19:37:39Z,2025-09-21T19:37:39Z,en,app
REG-2026-000216,AURA-DE-00015,CC-AURA-001,ccciw.jan.klein@outlook.com,2025-07-16T20:32:43Z,2025-09-16T20:32:43Z,en,phone
REG-2026-000217,CHROMA-UK-00001,CC-CHROMA-001,ccciw.emily.smith@outlook.com,2025-07-20T07:30:14Z,2025-09-20T07:30:14Z,en,app
REG-2026-000218,CHROMA-DE-00035,CC-CHROMA-001,ccciw.kathrin.meyer@gmail.com,,,,
REG-2026-000219,CHROMA-DE-00036,CC-CHROMA-002,ccciw.kathrin.kuhn@web.de,2025-07-23T02:25:58Z,2025-09-23T02:25:58Z,en,webpage
REG-2026-000220,LUMA-NL-00001,CC-LUMA-001,ccciw.bram.bakker@t-online.de,,,,
REG-2026-000221,PRISM-DE-00037,CC-PRISM-001,ccciw.anna.braun@outlook.com,2025-07-26T09:29:23Z,2025-09-26T09:29:23Z,en,webpage
REG-2026-000222,NOVA-NL-00003,CC-NOVA-001,ccciw.noa.jansen@outlook.com,2025-07-28T21:12:38Z,2025-09-28T21:12:38Z,en,phone
REG-2026-000223,PRISM-DE-00038,CC-PRISM-002,ccciw.felix.schneider@gmx.de,2025-07-29T00:34:42Z,2025-09-29T00:34:42Z,en,in-store
REG-2026-000224,LUMA-DE-00040,CC-LUMA-001,ccciw.jana.lange@web.de,2025-07-23T17:31:52Z,2025-09-23T17:31:52Z,en,phone
REG-2026-000225,CHROMA-DE-00037,CC-CHROMA-002,ccciw.finn.schwarz@gmx.de,,,,
REG-2026-000226,AURA-DE-00016,CC-AURA-001,ccciw.sarah.klein@gmx.de,2025-07-31T00:24:06Z,2025-09-30T00:24:06Z,en,phone
REG-2026-000227,AURA-NL-00001,CC-AURA-001,ccciw.daan.mulder@web.de,2025-08-01T07:19:03Z,2025-10-01T07:19:03Z,en,app
REG-2026-000228,AURA-DE-00017,CC-AURA-001,ccciw.mia.schmitz@outlook.com,,,,
REG-2026-000229,LUMA-DE-00041,CC-LUMA-001,ccciw.clara.lorenz@web.de,2025-08-03T23:15:02Z,2025-10-03T23:15:02Z,en,in-store
REG-2026-000230,CHROMA-FR-00001,CC-CHROMA-002,ccciw.chloe.moreau@gmx.de,2025-09-02T21:27:12Z,2025-11-02T21:27:12Z,en,app
REG-2026-000231,AURA-DE-00018,CC-AURA-001,ccciw.lena.muller@outlook.com,2025-07-29T22:12:11Z,2025-09-29T22:12:11Z,en,app
REG-2026-000232,CHROMA-DE-00038,CC-CHROMA-002,ccciw.niklas.lorenz@yahoo.com,2025-08-03T10:06:05Z,2025-10-03T10:06:05Z,en,phone
REG-2026-000233,PRISM-DE-00039,CC-PRISM-002,ccciw.jonas.vogel@yahoo.com,2025-07-31T20:55:09Z,2025-09-30T20:55:09Z,en,app
REG-2026-000234,LUMA-DE-00042,CC-LUMA-002,ccciw.lea.moller@gmail.com,2025-08-02T04:20:58Z,2025-10-02T04:20:58Z,en,phone
REG-2026-000235,CHROMA-DE-00039,CC-CHROMA-001,ccciw.leon.schmidt@gmail.com,2025-08-01T11:12:03Z,2025-10-01T11:12:03Z,pl,webpage
REG-2026-000236,AURA-NL-00002,CC-AURA-001,ccciw.bram.dejong@gmx.de,2025-08-02T18:43:09Z,2025-10-02T18:43:09Z,en,phone
REG-2026-000237,PRISM-DE-00040,CC-PRISM-001,ccciw.lea.braun@gmail.com,2025-10-10T00:47:06Z,2025-12-10T00:47:06Z,en,in-store
REG-2026-000238,AURA-DE-00019,CC-AURA-001,ccciw.lea.schroder@outlook.com,2025-09-11T10:50:07Z,2025-11-11T10:50:07Z,en,in-store
REG-2026-000239,NOVA-DE-00051,CC-NOVA-002,ccciw.tobias.meier@yahoo.com,2025-08-09T04:19:41Z,2025-10-09T04:19:41Z,en,webpage
REG-2026-000240,PRISM-ES-00002,CC-PRISM-001,ccciw.javier.rodriguez@gmail.com,2025-08-06T00:58:02Z,2025-10-06T00:58:02Z,en,in-store
REG-2026-000241,CHROMA-DE-00040,CC-CHROMA-002,ccciw.mia.kuhn@web.de,2025-08-07T14:21:53Z,2025-10-07T14:21:53Z,en,webpage
REG-2026-000242,PRISM-DE-00041,CC-PRISM-002,ccciw.leon.weber@outlook.com,2025-08-03T20:04:43Z,2025-10-03T20:04:43Z,en,in-store
REG-2026-000243,CHROMA-DE-00041,CC-CHROMA-001,ccciw.tobias.wolf@web.de,2025-08-05T02:47:42Z,2025-10-05T02:47:42Z,fr,in-store
REG-2026-000244,AURA-DE-00020,CC-AURA-001,ccciw.philipp.vogel@web.de,2025-08-10T12:11:58Z,2025-10-10T12:11:58Z,en,app
REG-2026-000245,PRISM-ES-00003,CC-PRISM-002,ccciw.lucia.ruiz@outlook.com,2025-08-04T15:56:34Z,2025-10-04T15:56:34Z,en,phone
REG-2026-000246,CHROMA-DE-00042,CC-CHROMA-002,ccciw.anna.huber@gmx.de,2025-10-29T22:20:45Z,2025-12-29T22:20:45Z,de,phone
REG-2026-000247,PRISM-DE-00042,CC-PRISM-002,ccciw.julia.lehmann@web.de,,,,
REG-2026-000248,CHROMA-DE-00043,CC-CHROMA-002,ccciw.lena.neumann@web.de,2025-08-13T03:09:56Z,2025-10-13T03:09:56Z,en,app
REG-2026-000249,NOVA-AT-00003,CC-NOVA-002,ccciw.katharina.gruber@t-online.de,2025-10-17T02:15:57Z,2025-12-17T02:15:57Z,en,app
REG-2026-000250,NOVA-DE-00052,CC-NOVA-002,ccciw.niklas.lehmann@web.de,2025-08-06T15:01:32Z,2025-10-06T15:01:32Z,en,app
REG-2026-000251,CHROMA-DE-00044,CC-CHROMA-002,ccciw.laura.hoffmann@web.de,,,,
REG-2026-000252,CHROMA-AT-00003,CC-CHROMA-001,ccciw.jakob.huber@gmail.com,2025-08-26T21:37:44Z,2025-10-26T21:37:44Z,en,in-store
REG-2026-000253,PRISM-DE-00043,CC-PRISM-001,ccciw.tim.neumann@outlook.com,,,,
REG-2026-000254,NOVA-DE-00053,CC-NOVA-001,ccciw.lena.hartmann@yahoo.com,2025-08-15T09:33:58Z,2025-10-15T09:33:58Z,en,phone
REG-2026-000255,NOVA-DE-00054,CC-NOVA-002,ccciw.max.schroder@outlook.com,2025-08-14T21:26:06Z,2025-10-14T21:26:06Z,en,webpage
REG-2026-000256,NOVA-DE-00055,CC-NOVA-001,ccciw.lisa.schneider@outlook.com,,,,
REG-2026-000257,CHROMA-FR-00002,CC-CHROMA-001,ccciw.chloe.moreau@gmx.de,2025-08-14T00:26:01Z,2025-10-14T00:26:01Z,en,app
REG-2026-000258,AURA-DE-00021,CC-AURA-001,ccciw.david.kruger@gmx.de,2025-08-09T13:54:16Z,2025-10-09T13:54:16Z,en,phone
REG-2026-000259,CHROMA-DE-00045,CC-CHROMA-001,ccciw.sebastian.meyer@outlook.com,,,,
REG-2026-000260,AURA-DE-00022,CC-AURA-001,ccciw.tobias.wolf@web.de,,,,
REG-2026-000261,LUMA-AT-00003,CC-LUMA-002,ccciw.tobias.huber@gmail.com,,,,
REG-2026-000262,AURA-DE-00023,CC-AURA-001,ccciw.philipp.kaiser@web.de,2025-08-16T01:58:13Z,2025-10-16T01:58:13Z,en,webpage
REG-2026-000263,CHROMA-DE-00046,CC-CHROMA-002,ccciw.moritz.lorenz@outlook.com,2025-08-19T09:41:54Z,2025-10-19T09:41:54Z,es,app
REG-2026-000264,CHROMA-DE-00047,CC-CHROMA-002,ccciw.jana.schneider@t-online.de,,,,
REG-2026-000265,NOVA-DE-00056,CC-NOVA-002,ccciw.felix.winter@gmail.com,2025-08-22T11:29:16Z,2025-10-22T11:29:16Z,en,in-store
REG-2026-000266,NOVA-DE-00057,CC-NOVA-002,ccciw.noah.franke@outlook.com,2025-08-19T11:20:08Z,2025-10-19T11:20:08Z,en,phone
REG-2026-000267,PRISM-DE-00044,CC-PRISM-001,ccciw.niklas.lehmann@web.de,2025-10-09T12:04:00Z,2025-12-09T12:04:00Z,en,app
REG-2026-000268,PRISM-DE-00045,CC-PRISM-001,ccciw.tobias.koch@gmail.com,2025-08-20T23:58:26Z,2025-10-20T23:58:26Z,en,webpage
REG-2026-000269,AURA-DE-00024,CC-AURA-001,ccciw.noah.hartmann@web.de,2025-11-28T07:26:33Z,2026-01-28T07:26:33Z,en,phone
REG-2026-000270,AURA-DE-00025,CC-AURA-001,ccciw.moritz.fischer@web.de,,,,
REG-2026-000271,CHROMA-AT-00004,CC-CHROMA-001,ccciw.nadine.gruber@outlook.com,,,,
REG-2026-000272,CHROMA-DE-00048,CC-CHROMA-001,ccciw.finn.schwarz@gmx.de,,,,
REG-2026-000273,AURA-DE-00026,CC-AURA-001,ccciw.emma.hartmann@outlook.com,,,,
REG-2026-000274,PRISM-DE-00046,CC-PRISM-002,ccciw.finn.schwarz@gmx.de,2025-08-19T07:47:43Z,2025-10-19T07:47:43Z,en,phone
REG-2026-000275,PRISM-FR-00002,CC-PRISM-002,ccciw.jules.richard@yahoo.com,2025-08-20T02:53:11Z,2025-10-20T02:53:11Z,pl,in-store
REG-2026-000276,PRISM-DE-00047,CC-PRISM-002,ccciw.julia.klein@gmx.de,2025-08-18T11:12:55Z,2025-10-18T11:12:55Z,en,app
REG-2026-000277,CHROMA-DE-00049,CC-CHROMA-002,ccciw.laura.lange@gmail.com,2025-08-19T15:37:22Z,2025-10-19T15:37:22Z,fr,app
REG-2026-000278,LUMA-DE-00043,CC-LUMA-001,ccciw.finn.schwarz@gmx.de,2025-08-25T07:58:01Z,2025-10-25T07:58:01Z,en,webpage
REG-2026-000279,CHROMA-DE-00050,CC-CHROMA-001,ccciw.lukas.peters@outlook.com,,,,
REG-2026-000280,LUMA-DE-00044,CC-LUMA-002,ccciw.philipp.becker@gmail.com,2025-08-25T06:03:22Z,2025-10-25T06:03:22Z,en,app
REG-2026-000281,PRISM-DE-00048,CC-PRISM-002,ccciw.philipp.huber@outlook.com,2025-08-24T09:34:41Z,2025-10-24T09:34:41Z,en,phone
REG-2026-000282,AURA-DE-00027,CC-AURA-001,ccciw.moritz.schmidt@outlook.com,,,,
REG-2026-000283,LUMA-DE-00045,CC-LUMA-002,ccciw.hannah.wolf@gmx.de,2025-08-22T04:09:18Z,2025-10-22T04:09:18Z,en,webpage
REG-2026-000284,NOVA-DE-00058,CC-NOVA-002,ccciw.jan.weber@gmail.com,2025-10-13T18:56:01Z,2025-12-13T18:56:01Z,en,app
REG-2026-000285,NOVA-ES-00002,CC-NOVA-001,ccciw.pablo.ruiz@web.de,,,,
REG-2026-000286,LUMA-DE-00046,CC-LUMA-002,ccciw.kathrin.meyer@gmail.com,,,,
REG-2026-000287,LUMA-FR-00003,CC-LUMA-002,ccciw.jules.richard@yahoo.com,2025-08-31T22:17:32Z,2025-10-31T22:17:32Z,en,phone
REG-2026-000288,NOVA-DE-00059,CC-NOVA-002,ccciw.max.engel@t-online.de,,,,
REG-2026-000289,PRISM-DE-00049,CC-PRISM-001,ccciw.laura.lang@yahoo.com,2025-09-01T19:06:54Z,2025-11-01T19:06:54Z,en,phone
REG-2026-000290,CHROMA-DE-00051,CC-CHROMA-002,ccciw.melina.kaiser@web.de,,,,
REG-2026-000291,LUMA-DE-00047,CC-LUMA-001,ccciw.max.neumann@gmx.de,2025-09-02T12:00:59Z,2025-11-02T12:00:59Z,en,in-store
REG-2026-000292,NOVA-AT-00004,CC-NOVA-001,ccciw.hannah.leitner@gmail.com,2025-08-27T03:59:43Z,2025-10-27T03:59:43Z,en,app
REG-2026-000293,PRISM-DE-00050,CC-PRISM-002,ccciw.jana.koch@gmx.de,,,,
REG-2026-000294,CHROMA-DE-00052,CC-CHROMA-001,ccciw.niklas.meier@gmail.com,2025-08-27T13:21:32Z,2025-10-27T13:21:32Z,en,app
REG-2026-000295,PRISM-DE-00051,CC-PRISM-001,ccciw.philipp.peters@gmail.com,2025-08-26T13:38:20Z,2025-10-26T13:38:20Z,en,phone
REG-2026-000296,LUMA-CH-00002,CC-LUMA-002,ccciw.mara.luthi@gmx.de,,,,
REG-2026-000297,NOVA-CH-00006,CC-NOVA-002,ccciw.nora.bieri@gmx.de,2025-08-28T13:50:14Z,2025-12-28T13:50:14Z,en,phone
REG-2026-000298,NOVA-UK-00002,CC-NOVA-002,ccciw.emily.thomas@web.de,,,,
REG-2026-000299,NOVA-AT-00005,CC-NOVA-002,ccciw.verena.mayr@gmail.com,,,,
REG-2026-000300,CHROMA-DE-00053,CC-CHROMA-001,ccciw.erik.braun@gmx.de,2025-09-05T11:55:31Z,2025-11-05T11:55:31Z,en,in-store
REG-2026-000301,NOVA-DE-00060,CC-NOVA-001,ccciw.jonas.kaiser@t-online.de,2025-09-01T15:54:49Z,2025-11-01T15:54:49Z,en,webpage
REG-2026-000302,CHROMA-ES-00001,CC-CHROMA-001,ccciw.pablo.ruiz@web.de,2025-09-05T06:53:09Z,2025-11-05T06:53:09Z,en,in-store
REG-2026-000303,AURA-AT-00003,CC-AURA-001,ccciw.nadine.eder@gmail.com,,,,
REG-2026-000304,AURA-CH-00002,CC-AURA-001,ccciw.mara.luthi@gmx.de,2025-09-08T01:54:07Z,2025-11-08T01:54:07Z,en,webpage
REG-2026-000305,LUMA-DE-00048,CC-LUMA-001,ccciw.sebastian.lang@gmx.de,2025-09-09T09:39:39Z,2025-11-09T09:39:39Z,en,in-store
REG-2026-000306,NOVA-DE-00061,CC-NOVA-002,ccciw.ben.winter@web.de,2025-09-08T00:37:11Z,2025-11-08T00:37:11Z,en,webpage
REG-2026-000307,PRISM-DE-00052,CC-PRISM-001,ccciw.marie.schwarz@web.de,2025-09-08T22:02:22Z,2025-11-08T22:02:22Z,en,webpage
REG-2026-000308,CHROMA-DE-00054,CC-CHROMA-002,ccciw.jonas.vogel@yahoo.com,2025-12-16T19:51:20Z,2026-02-16T19:51:20Z,en,webpage
REG-2026-000309,PRISM-UK-00003,CC-PRISM-001,ccciw.emily.smith@outlook.com,,,,
REG-2026-000310,LUMA-DE-00049,CC-LUMA-002,ccciw.tobias.neumann@gmail.com,2025-10-01T04:47:31Z,2025-12-01T04:47:31Z,en,phone
REG-2026-000311,LUMA-DE-00050,CC-LUMA-002,ccciw.melina.werner@outlook.com,2025-09-07T08:43:57Z,2025-11-07T08:43:57Z,en,in-store
REG-2026-000312,AURA-DE-00028,CC-AURA-001,ccciw.marie.moller@gmx.de,2025-09-08T10:02:18Z,2025-11-08T10:02:18Z,en,in-store
REG-2026-000313,LUMA-DE-00051,CC-LUMA-001,ccciw.jonas.vogel@yahoo.com,2025-09-09T10:27:51Z,2025-11-09T10:27:51Z,en,app
REG-2026-000314,NOVA-DE-00062,CC-NOVA-002,ccciw.laura.neumann@t-online.de,,,,
REG-2026-000315,LUMA-DE-00052,CC-LUMA-001,ccciw.felix.lorenz@gmail.com,,,,
REG-2026-000316,AURA-DE-00029,CC-AURA-001,ccciw.sarah.lange@yahoo.com,2025-09-11T18:00:05Z,2025-11-11T18:00:05Z,en,app
REG-2026-000317,NOVA-DE-00063,CC-NOVA-002,ccciw.leon.meyer@yahoo.com,2025-09-08T09:29:40Z,2025-11-08T09:29:40Z,it,webpage
REG-2026-000318,LUMA-DE-00053,CC-LUMA-002,ccciw.sebastian.lang@gmx.de,2025-09-11T00:59:01Z,2025-11-11T00:59:01Z,en,phone
REG-2026-000319,LUMA-DE-00054,CC-LUMA-002,ccciw.kathrin.kuhn@web.de,2025-09-12T12:53:40Z,2025-11-12T12:53:40Z,en,in-store
REG-2026-000320,PRISM-DE-00053,CC-PRISM-002,ccciw.david.koch@gmail.com,2025-12-02T10:28:36Z,2026-02-02T10:28:36Z,en,webpage
REG-2026-000321,CHROMA-AT-00005,CC-CHROMA-002,ccciw.theresa.pichler@gmail.com,,,,
REG-2026-000322,PRISM-DE-00054,CC-PRISM-002,ccciw.finn.kaiser@gmail.com,2025-09-14T04:17:18Z,2025-11-14T04:17:18Z,en,in-store
REG-2026-000323,PRISM-AT-00001,CC-PRISM-001,ccciw.theresa.pichler@gmail.com,2025-09-13T19:38:20Z,2025-11-13T19:38:20Z,en,app
REG-2026-000324,PRISM-CH-00003,CC-PRISM-001,ccciw.lina.keller@web.de,2025-09-10T00:41:43Z,2025-11-10T00:41:43Z,en,app
REG-2026-000325,CHROMA-AT-00006,CC-CHROMA-002,ccciw.nadine.eder@gmail.com,2025-09-09T05:05:13Z,2025-11-09T05:05:13Z,en,phone
REG-2026-000326,NOVA-DE-00064,CC-NOVA-001,ccciw.julia.klein@gmx.de,2025-10-13T11:29:43Z,2025-12-13T11:29:43Z,en,app
REG-2026-000327,LUMA-DE-00055,CC-LUMA-001,ccciw.lea.becker@gmail.com,2025-09-10T01:16:24Z,2025-11-10T01:16:24Z,en,app
REG-2026-000328,PRISM-DE-00055,CC-PRISM-001,ccciw.sarah.lange@yahoo.com,,,,
REG-2026-000329,NOVA-DE-00065,CC-NOVA-002,ccciw.kathrin.wagner@web.de,2025-09-16T03:37:28Z,2025-11-16T03:37:28Z,en,phone
REG-2026-000330,PRISM-DE-00056,CC-PRISM-001,ccciw.erik.lang@outlook.com,2025-09-17T01:34:38Z,2025-11-17T01:34:38Z,es,phone
REG-2026-000331,CHROMA-DE-00055,CC-CHROMA-001,ccciw.emma.neumann@t-online.de,2025-09-15T22:14:12Z,2025-11-15T22:14:12Z,en,in-store
REG-2026-000332,PRISM-DE-00057,CC-PRISM-002,ccciw.max.schmitz@yahoo.com,,,,
REG-2026-000333,PRISM-DE-00058,CC-PRISM-002,ccciw.lea.braun@gmail.com,2025-10-07T20:22:27Z,2025-12-07T20:22:27Z,en,app
REG-2026-000334,CHROMA-DE-00056,CC-CHROMA-001,ccciw.noah.wagner@gmail.com,2025-09-15T03:19:32Z,2025-11-15T03:19:32Z,en,webpage
REG-2026-000335,LUMA-DE-00056,CC-LUMA-002,ccciw.ben.engel@gmail.com,2025-09-15T03:26:12Z,2025-11-15T03:26:12Z,en,app
REG-2026-000336,NOVA-DE-00066,CC-NOVA-001,ccciw.kathrin.winter@outlook.com,2025-09-20T00:28:04Z,2025-11-20T00:28:04Z,en,app
REG-2026-000337,LUMA-DE-00057,CC-LUMA-001,ccciw.sarah.hoffmann@gmail.com,2025-09-16T17:31:27Z,2025-11-16T17:31:27Z,en,in-store
REG-2026-000338,PRISM-NL-00001,CC-PRISM-002,ccciw.lotte.deboer@gmx.de,2025-09-15T19:48:09Z,2025-11-15T19:48:09Z,en,webpage
REG-2026-000339,LUMA-DE-00058,CC-LUMA-001,ccciw.finn.winter@outlook.com,2025-11-21T16:44:02Z,2026-01-21T16:44:02Z,en,app
REG-2026-000340,PRISM-CH-00004,CC-PRISM-002,ccciw.luca.widmer@web.de,,,,
REG-2026-000341,NOVA-DE-00067,CC-NOVA-002,ccciw.emma.meyer@gmail.com,2025-09-21T05:37:37Z,2025-11-21T05:37:37Z,en,in-store
REG-2026-000342,PRISM-DE-00059,CC-PRISM-001,ccciw.finn.schwarz@gmx.de,2025-09-25T00:21:16Z,2025-11-25T00:21:16Z,en,phone
REG-2026-000343,NOVA-DE-00068,CC-NOVA-001,ccciw.tim.meyer@gmail.com,2025-09-20T19:03:09Z,2025-11-20T19:03:09Z,en,app
REG-2026-000344,NOVA-DE-00069,CC-NOVA-002,ccciw.jonas.winter@t-online.de,2025-12-29T02:39:07Z,2026-02-28T02:39:07Z,en,phone
REG-2026-000345,AURA-DE-00030,CC-AURA-001,ccciw.tobias.franke@gmail.com,2025-09-22T19:55:30Z,2025-11-22T19:55:30Z,en,webpage
REG-2026-000346,PRISM-CH-00005,CC-PRISM-001,ccciw.nora.bieri@gmx.de,2025-09-19T09:15:32Z,2026-01-19T09:15:32Z,en,in-store
REG-2026-000347,AURA-AT-00004,CC-AURA-001,ccciw.tobias.huber@gmail.com,2025-09-19T19:44:01Z,2025-11-19T19:44:01Z,en,webpage
REG-2026-000348,PRISM-ES-00004,CC-PRISM-002,ccciw.elena.martinez@yahoo.com,2025-09-21T19:20:41Z,2025-11-21T19:20:41Z,en,in-store
REG-2026-000349,AURA-DE-00031,CC-AURA-001,ccciw.philipp.schroder@t-online.de,2025-09-21T01:08:38Z,2025-11-21T01:08:38Z,en,phone
REG-2026-000350,NOVA-DE-00070,CC-NOVA-001,ccciw.tobias.schneider@outlook.com,2025-09-24T17:23:23Z,2025-11-24T17:23:23Z,en,phone
REG-2026-000351,NOVA-DE-00071,CC-NOVA-002,ccciw.mia.kruger@gmail.com,2025-09-26T06:23:27Z,2025-11-26T06:23:27Z,en,in-store
REG-2026-000352,LUMA-DE-00059,CC-LUMA-001,ccciw.sophie.huber@t-online.de,2025-09-23T09:07:53Z,2025-11-23T09:07:53Z,fr,phone
REG-2026-000353,PRISM-DE-00060,CC-PRISM-002,ccciw.julia.schmitz@yahoo.com,2025-10-16T00:24:16Z,2025-12-16T00:24:16Z,en,webpage
REG-2026-000354,LUMA-DE-00060,CC-LUMA-002,ccciw.niklas.werner@web.de,,,,
REG-2026-000355,AURA-ES-00002,CC-AURA-001,ccciw.lucia.martin@outlook.com,,,,
REG-2026-000356,NOVA-DE-00072,CC-NOVA-001,ccciw.jonas.krause@web.de,2025-09-23T04:52:03Z,2025-11-23T04:52:03Z,en,webpage
REG-2026-000357,PRISM-DE-00061,CC-PRISM-001,ccciw.leon.huber@t-online.de,2025-11-02T07:15:52Z,2026-01-02T07:15:52Z,pl,app
REG-2026-000358,LUMA-DE-00061,CC-LUMA-002,ccciw.david.huber@t-online.de,2026-01-01T00:21:33Z,2026-03-01T00:21:33Z,en,app
REG-2026-000359,PRISM-DE-00062,CC-PRISM-001,ccciw.noah.hartmann@web.de,2025-09-28T23:38:43Z,2025-11-28T23:38:43Z,pt,app
REG-2026-000360,NOVA-DE-00073,CC-NOVA-002,ccciw.jan.franke@gmail.com,2025-09-28T09:41:54Z,2025-11-28T09:41:54Z,en,webpage
REG-2026-000361,NOVA-DE-00074,CC-NOVA-002,ccciw.jana.krause@web.de,2025-09-29T18:12:16Z,2025-11-29T18:12:16Z,en,app
REG-2026-000362,PRISM-DE-00063,CC-PRISM-002,ccciw.leon.becker@gmx.de,2025-09-24T09:47:09Z,2025-11-24T09:47:09Z,en,webpage
REG-2026-000363,CHROMA-DE-00057,CC-CHROMA-002,ccciw.leon.huber@t-online.de,,,,
REG-2026-000364,LUMA-UK-00002,CC-LUMA-001,ccciw.jack.williams@outlook.com,,,,
REG-2026-000365,PRISM-DE-00064,CC-PRISM-001,ccciw.finn.krause@web.de,2025-10-02T19:00:22Z,2025-12-02T19:00:22Z,en,in-store
REG-2026-000366,NOVA-DE-00075,CC-NOVA-001,ccciw.philipp.schroder@t-online.de,,,,
REG-2026-000367,CHROMA-DE-00058,CC-CHROMA-002,ccciw.anna.lehmann@gmx.de,2025-10-02T00:03:31Z,2025-12-02T00:03:31Z,en,in-store
REG-2026-000368,NOVA-DE-00076,CC-NOVA-002,ccciw.melina.krause@outlook.com,,,,
REG-2026-000369,LUMA-DE-00062,CC-LUMA-001,ccciw.ben.neumann@gmail.com,2025-09-29T15:03:27Z,2025-11-29T15:03:27Z,en,in-store
REG-2026-000370,LUMA-DE-00063,CC-LUMA-002,ccciw.hannah.lehmann@t-online.de,2025-12-24T05:42:27Z,2026-02-24T05:42:27Z,en,phone
REG-2026-000371,CHROMA-DE-00059,CC-CHROMA-002,ccciw.philipp.richter@t-online.de,2025-10-07T20:34:19Z,2025-12-07T20:34:19Z,en,phone
REG-2026-000372,PRISM-NL-00002,CC-PRISM-001,ccciw.jesse.visser@gmx.de,2026-01-11T04:35:55Z,2026-03-11T04:35:55Z,en,webpage
REG-2026-000373,PRISM-DE-00065,CC-PRISM-001,ccciw.jana.schwarz@yahoo.com,2025-10-07T23:49:05Z,2025-12-07T23:49:05Z,en,webpage
REG-2026-000374,PRISM-DE-00066,CC-PRISM-001,ccciw.jonas.wagner@gmx.de,2025-10-03T11:10:45Z,2025-12-03T11:10:45Z,en,webpage
REG-2026-000375,LUMA-AT-00004,CC-LUMA-002,ccciw.verena.auer@gmail.com,2025-11-03T10:44:57Z,2026-01-03T10:44:57Z,en,phone
REG-2026-000376,PRISM-DE-00067,CC-PRISM-002,ccciw.anna.kuhn@gmx.de,2025-10-09T15:28:26Z,2025-12-09T15:28:26Z,en,app
REG-2026-000377,LUMA-DE-00064,CC-LUMA-001,ccciw.philipp.moller@gmail.com,2025-11-11T06:02:25Z,2026-01-11T06:02:25Z,en,in-store
REG-2026-000378,NOVA-FR-00003,CC-NOVA-001,ccciw.camille.robert@gmail.com,2025-10-13T03:57:47Z,2025-12-13T03:57:47Z,en,in-store
REG-2026-000379,AURA-DE-00032,CC-AURA-001,ccciw.marlene.huber@web.de,2025-10-13T03:32:11Z,2025-12-13T03:32:11Z,es,in-store
REG-2026-000380,NOVA-DE-00077,CC-NOVA-001,ccciw.niklas.lorenz@yahoo.com,2025-10-08T16:43:17Z,2025-12-08T16:43:17Z,en,in-store
REG-2026-000381,LUMA-FR-00004,CC-LUMA-001,ccciw.lea.durand@outlook.com,2025-10-08T10:18:22Z,2025-12-08T10:18:22Z,en,in-store
REG-2026-000382,CHROMA-DE-00060,CC-CHROMA-002,ccciw.david.weber@outlook.com,2025-10-12T04:23:13Z,2025-12-12T04:23:13Z,en,app
REG-2026-000383,PRISM-DE-00068,CC-PRISM-001,ccciw.julia.lehmann@web.de,2025-10-14T14:59:35Z,2025-12-14T14:59:35Z,en,in-store
REG-2026-000384,AURA-DE-00033,CC-AURA-001,ccciw.nina.muller@gmail.com,2025-10-09T07:56:37Z,2025-12-09T07:56:37Z,en,phone
REG-2026-000385,CHROMA-DE-00061,CC-CHROMA-001,ccciw.felix.engel@web.de,2025-10-17T00:13:07Z,2025-12-17T00:13:07Z,en,app
REG-2026-000386,PRISM-DE-00069,CC-PRISM-002,ccciw.finn.vogel@web.de,2025-10-16T21:02:14Z,2025-12-16T21:02:14Z,en,app
REG-2026-000387,NOVA-DE-00078,CC-NOVA-002,ccciw.jan.becker@web.de,2026-01-23T17:39:41Z,2026-03-23T17:39:41Z,en,app
REG-2026-000388,CHROMA-DE-00062,CC-CHROMA-001,ccciw.marlene.huber@web.de,,,,
REG-2026-000389,PRISM-DE-00070,CC-PRISM-002,ccciw.felix.meyer@gmail.com,2025-10-18T11:23:43Z,2025-12-18T11:23:43Z,en,in-store
REG-2026-000390,PRISM-DE-00071,CC-PRISM-002,ccciw.nina.schroder@outlook.com,2025-10-13T07:11:17Z,2025-12-13T07:11:17Z,pl,phone
REG-2026-000391,NOVA-DE-00079,CC-NOVA-001,ccciw.julia.schmitz@yahoo.com,2025-10-16T03:45:48Z,2025-12-16T03:45:48Z,en,app
REG-2026-000392,CHROMA-DE-00063,CC-CHROMA-002,ccciw.sarah.fischer@gmail.com,2025-11-22T00:21:50Z,2026-01-22T00:21:50Z,en,in-store
REG-2026-000393,AURA-DE-00034,CC-AURA-001,ccciw.leon.schmidt@gmail.com,,,,
REG-2026-000394,LUMA-DE-00065,CC-LUMA-001,ccciw.ben.kuhn@outlook.com,2025-10-14T00:01:46Z,2025-12-14T00:01:46Z,en,in-store
REG-2026-000395,CHROMA-DE-00064,CC-CHROMA-002,ccciw.ben.schmidt@gmx.de,2025-10-17T04:30:43Z,2025-12-17T04:30:43Z,en,app
REG-2026-000396,PRISM-CH-00006,CC-PRISM-001,ccciw.pascal.brunner@web.de,2025-10-15T09:47:19Z,2025-12-15T09:47:19Z,en,in-store
REG-2026-000397,AURA-DE-00035,CC-AURA-001,ccciw.paul.schneider@gmail.com,2025-11-21T10:56:46Z,2026-01-21T10:56:46Z,en,webpage
REG-2026-000398,CHROMA-DE-00065,CC-CHROMA-001,ccciw.emma.kaiser@gmx.de,2025-10-16T11:25:17Z,2025-12-16T11:25:17Z,en,phone
REG-2026-000399,NOVA-UK-00003,CC-NOVA-002,ccciw.george.davies@web.de,2025-10-21T09:39:25Z,2025-12-21T09:39:25Z,es,app
REG-2026-000400,LUMA-DE-00066,CC-LUMA-002,ccciw.lena.muller@outlook.com,2025-10-18T00:55:09Z,2025-12-18T00:55:09Z,de,webpage
REG-2026-000401,NOVA-NL-00004,CC-NOVA-002,ccciw.bram.dejong@gmx.de,2025-10-17T02:30:00Z,2025-12-17T02:30:00Z,en,phone
REG-2026-000402,AURA-DE-00036,CC-AURA-001,ccciw.laura.schmitz@outlook.com,,,,
REG-2026-000403,PRISM-DE-00072,CC-PRISM-002,ccciw.melina.krause@outlook.com,2025-10-21T15:17:02Z,2025-12-21T15:17:02Z,en,in-store
REG-2026-000404,NOVA-DE-00080,CC-NOVA-002,ccciw.sarah.franke@t-online.de,2025-10-21T11:07:48Z,2025-12-21T11:07:48Z,en,phone
REG-2026-000405,PRISM-DE-00073,CC-PRISM-002,ccciw.sarah.wolf@web.de,2025-10-21T12:38:20Z,2025-12-21T12:38:20Z,en,in-store
REG-2026-000406,CHROMA-DE-00066,CC-CHROMA-001,ccciw.laura.schmitz@outlook.com,2025-10-24T14:30:57Z,2025-12-24T14:30:57Z,en,phone
REG-2026-000407,NOVA-DE-00081,CC-NOVA-001,ccciw.jonas.wolf@t-online.de,,,,
REG-2026-000408,CHROMA-DE-00067,CC-CHROMA-002,ccciw.marie.engel@gmx.de,2025-10-21T06:47:35Z,2025-12-21T06:47:35Z,en,webpage
REG-2026-000409,PRISM-UK-00004,CC-PRISM-001,ccciw.jack.williams@outlook.com,2025-10-29T01:55:44Z,2025-12-29T01:55:44Z,en,app
REG-2026-000410,PRISM-DE-00074,CC-PRISM-001,ccciw.jan.lehmann@gmail.com,2025-10-23T08:12:45Z,2025-12-23T08:12:45Z,en,in-store
REG-2026-000411,CHROMA-DE-00068,CC-CHROMA-001,ccciw.sophie.fischer@t-online.de,,,,
REG-2026-000412,CHROMA-DE-00069,CC-CHROMA-001,ccciw.ben.franke@gmail.com,2025-10-29T12:16:38Z,2025-12-29T12:16:38Z,it,in-store
REG-2026-000413,AURA-DE-00037,CC-AURA-001,ccciw.jan.becker@web.de,,,,
REG-2026-000414,AURA-DE-00038,CC-AURA-001,ccciw.lukas.fischer@t-online.de,2025-10-24T09:02:32Z,2025-12-24T09:02:32Z,en,app
REG-2026-000415,CHROMA-DE-00070,CC-CHROMA-002,ccciw.max.wagner@gmail.com,2025-11-20T06:15:33Z,2026-01-20T06:15:33Z,en,app
REG-2026-000416,LUMA-AT-00005,CC-LUMA-002,ccciw.hannah.moser@web.de,2025-11-08T04:43:27Z,2026-01-08T04:43:27Z,en,webpage
REG-2026-000417,CHROMA-DE-00071,CC-CHROMA-001,ccciw.jonas.vogel@yahoo.com,2025-10-26T20:56:26Z,2025-12-26T20:56:26Z,en,phone
REG-2026-000418,PRISM-DE-00075,CC-PRISM-001,ccciw.jonas.neumann@outlook.com,2025-11-28T01:27:50Z,2026-01-28T01:27:50Z,en,app
REG-2026-000419,CHROMA-DE-00072,CC-CHROMA-002,ccciw.noah.wagner@gmail.com,,,,
REG-2026-000420,LUMA-DE-00067,CC-LUMA-001,ccciw.finn.schneider@gmail.com,2025-11-03T17:47:31Z,2026-01-03T17:47:31Z,en,phone
REG-2026-000421,CHROMA-DE-00073,CC-CHROMA-001,ccciw.lena.hoffmann@web.de,2025-11-05T10:22:49Z,2026-01-05T10:22:49Z,en,webpage
REG-2026-000422,PRISM-DE-00076,CC-PRISM-002,ccciw.lukas.muller@web.de,2025-10-30T12:22:17Z,2025-12-30T12:22:17Z,en,app
REG-2026-000423,CHROMA-DE-00074,CC-CHROMA-002,ccciw.kathrin.meyer@gmail.com,2025-10-30T10:04:51Z,2025-12-30T10:04:51Z,nl,in-store
REG-2026-000424,NOVA-DE-00082,CC-NOVA-001,ccciw.noah.richter@web.de,2025-12-10T21:42:52Z,2026-02-10T21:42:52Z,de,webpage
REG-2026-000425,NOVA-DE-00083,CC-NOVA-001,ccciw.jan.lehmann@gmail.com,2025-11-06T11:49:15Z,2026-01-06T11:49:15Z,en,webpage
REG-2026-000426,NOVA-CH-00007,CC-NOVA-002,ccciw.adrian.stalder@gmx.de,2025-11-03T02:58:28Z,2026-01-03T02:58:28Z,en,in-store
REG-2026-000427,LUMA-DE-00068,CC-LUMA-002,ccciw.marie.schmitz@web.de,,,,
REG-2026-000428,PRISM-DE-00077,CC-PRISM-002,ccciw.moritz.fischer@web.de,2025-11-13T12:45:50Z,2026-01-13T12:45:50Z,en,app
REG-2026-000429,AURA-UK-00002,CC-AURA-001,ccciw.grace.davies@gmail.com,2025-11-04T07:09:52Z,2026-01-04T07:09:52Z,en,in-store
REG-2026-000430,NOVA-DE-00084,CC-NOVA-001,ccciw.marie.moller@gmx.de,2025-11-08T10:10:37Z,2026-01-08T10:10:37Z,en,in-store
REG-2026-000431,PRISM-DE-00078,CC-PRISM-002,ccciw.niklas.lorenz@yahoo.com,2025-11-12T11:57:57Z,2026-01-12T11:57:57Z,en,phone
REG-2026-000432,PRISM-DE-00079,CC-PRISM-002,ccciw.ben.winter@web.de,2025-12-07T02:44:01Z,2026-02-07T02:44:01Z,en,webpage
REG-2026-000433,PRISM-ES-00005,CC-PRISM-002,ccciw.pablo.martin@outlook.com,2025-11-15T12:37:51Z,2026-01-15T12:37:51Z,en,phone
REG-2026-000434,AURA-DE-00039,CC-AURA-001,ccciw.sebastian.lange@t-online.de,2025-11-13T23:47:34Z,2026-01-13T23:47:34Z,en,phone
REG-2026-000435,CHROMA-DE-00075,CC-CHROMA-001,ccciw.sophie.kuhn@gmx.de,2025-11-15T00:48:04Z,2026-01-15T00:48:04Z,en,webpage
REG-2026-000436,CHROMA-DE-00076,CC-CHROMA-002,ccciw.paul.meier@yahoo.com,,,,
REG-2026-000437,LUMA-DE-00069,CC-LUMA-001,ccciw.sebastian.muller@gmail.com,2025-11-17T15:45:12Z,2026-01-17T15:45:12Z,nl,webpage
REG-2026-000438,PRISM-DE-00080,CC-PRISM-001,ccciw.sebastian.lange@t-online.de,,,,
REG-2026-000439,CHROMA-DE-00077,CC-CHROMA-002,ccciw.melina.krause@outlook.com,2025-11-21T21:52:42Z,2026-01-21T21:52:42Z,en,app
REG-2026-000440,NOVA-DE-00085,CC-NOVA-001,ccciw.julia.huber@outlook.com,,,,
REG-2026-000441,PRISM-DE-00081,CC-PRISM-002,ccciw.niklas.werner@web.de,,,,
REG-2026-000442,NOVA-DE-00086,CC-NOVA-002,ccciw.max.klein@t-online.de,2025-11-26T07:38:55Z,2026-01-26T07:38:55Z,en,in-store
REG-2026-000443,LUMA-DE-00070,CC-LUMA-002,ccciw.melina.krause@outlook.com,2025-11-23T20:11:28Z,2026-01-23T20:11:28Z,en,phone
REG-2026-000444,PRISM-UK-00005,CC-PRISM-001,ccciw.grace.wilson@t-online.de,,,,
REG-2026-000445,AURA-NL-00003,CC-AURA-001,ccciw.bram.bakker@t-online.de,2025-11-29T01:21:28Z,2026-01-29T01:21:28Z,fr,in-store
REG-2026-000446,NOVA-UK-00004,CC-NOVA-002,ccciw.grace.wilson@t-online.de,2025-12-01T15:24:28Z,2026-02-01T15:24:28Z,en,webpage
REG-2026-000447,PRISM-DE-00082,CC-PRISM-002,ccciw.david.weber@outlook.com,,,,
REG-2026-000448,NOVA-DE-00087,CC-NOVA-001,ccciw.leon.lehmann@t-online.de,2025-12-06T02:08:34Z,2026-02-06T02:08:34Z,en,in-store
REG-2026-000449,PRISM-DE-00083,CC-PRISM-002,ccciw.niklas.lehmann@web.de,2025-12-02T17:55:11Z,2026-02-02T17:55:11Z,en,webpage
REG-2026-000450,PRISM-CH-00007,CC-PRISM-001,ccciw.adrian.stalder@gmx.de,2025-12-02T12:49:49Z,2026-02-02T12:49:49Z,en,app
REG-2026-000451,PRISM-AT-00002,CC-PRISM-002,ccciw.jakob.fuchs@outlook.com,2025-12-07T05:12:51Z,2026-02-07T05:12:51Z,en,phone
REG-2026-000452,AURA-DE-00040,CC-AURA-001,ccciw.paul.meier@yahoo.com,2025-12-07T04:22:21Z,2026-02-07T04:22:21Z,en,app
REG-2026-000453,CHROMA-AT-00007,CC-CHROMA-002,ccciw.tobias.huber@gmail.com,2025-12-06T00:16:42Z,2026-02-06T00:16:42Z,en,app
REG-2026-000454,LUMA-CH-00003,CC-LUMA-001,ccciw.nora.bieri@gmx.de,2025-12-12T21:06:39Z,2026-04-12T21:06:39Z,en,phone
REG-2026-000455,PRISM-DE-00084,CC-PRISM-002,ccciw.lisa.schneider@outlook.com,2025-12-07T10:25:02Z,2026-02-07T10:25:02Z,en,phone
REG-2026-000456,NOVA-DE-00088,CC-NOVA-002,ccciw.clara.hartmann@yahoo.com,2025-12-14T13:52:09Z,2026-02-14T13:52:09Z,en,webpage
REG-2026-000457,NOVA-UK-00005,CC-NOVA-002,ccciw.grace.smith@outlook.com,2025-12-16T13:34:43Z,2026-02-16T13:34:43Z,en,phone
REG-2026-000458,AURA-ES-00003,CC-AURA-001,ccciw.pablo.martin@outlook.com,2025-12-09T19:01:53Z,2026-02-09T19:01:53Z,en,in-store
REG-2026-000459,CHROMA-DE-00078,CC-CHROMA-002,ccciw.emma.hartmann@outlook.com,2025-12-19T04:35:05Z,2026-02-19T04:35:05Z,en,webpage
REG-2026-000460,PRISM-DE-00085,CC-PRISM-001,ccciw.finn.winter@outlook.com,2026-03-09T09:18:30Z,2026-05-09T09:18:30Z,en,webpage
REG-2026-000461,NOVA-DE-00089,CC-NOVA-002,ccciw.julia.lange@outlook.com,2025-12-15T10:13:37Z,2026-02-15T10:13:37Z,fr,webpage
REG-2026-000462,AURA-DE-00041,CC-AURA-001,ccciw.sebastian.moller@outlook.com,2025-12-16T11:11:21Z,2026-02-16T11:11:21Z,en,webpage
REG-2026-000463,NOVA-DE-00090,CC-NOVA-002,ccciw.marie.lehmann@gmail.com,2025-12-18T01:20:24Z,2026-02-18T01:20:24Z,en,app
REG-2026-000464,LUMA-DE-00071,CC-LUMA-001,ccciw.erik.schmitz@outlook.com,2025-12-23T13:56:54Z,2026-02-23T13:56:54Z,en,app
REG-2026-000465,PRISM-DE-00086,CC-PRISM-001,ccciw.lukas.weber@web.de,2026-04-04T23:59:59Z,2026-06-04T23:59:59Z,es,app
REG-2026-000466,NOVA-DE-00091,CC-NOVA-001,ccciw.david.huber@t-online.de,2026-01-23T22:48:09Z,2026-03-23T22:48:09Z,en,phone
REG-2026-000467,NOVA-DE-00092,CC-NOVA-001,ccciw.lena.franke@gmx.de,2025-12-24T08:54:30Z,2026-02-24T08:54:30Z,en,app
REG-2026-000468,NOVA-DE-00093,CC-NOVA-001,ccciw.anna.kuhn@gmx.de,2025-12-21T09:42:27Z,2026-02-21T09:42:27Z,en,webpage
REG-2026-000469,CHROMA-DE-00079,CC-CHROMA-002,ccciw.sophie.kuhn@gmx.de,2025-12-27T18:05:17Z,2026-02-27T18:05:17Z,en,phone
REG-2026-000470,CHROMA-DE-00080,CC-CHROMA-001,ccciw.niklas.lehmann@web.de,,,,
REG-2026-000471,CHROMA-DE-00081,CC-CHROMA-001,ccciw.niklas.werner@web.de,2025-12-27T11:43:52Z,2026-02-27T11:43:52Z,pl,app
REG-2026-000472,LUMA-DE-00072,CC-LUMA-001,ccciw.felix.meyer@gmail.com,2025-12-26T07:25:42Z,2026-02-26T07:25:42Z,en,in-store
REG-2026-000473,CHROMA-DE-00082,CC-CHROMA-002,ccciw.anna.kuhn@gmx.de,2026-01-16T15:17:55Z,2026-03-16T15:17:55Z,en,phone
REG-2026-000474,CHROMA-DE-00083,CC-CHROMA-001,ccciw.max.krause@outlook.com,2025-12-31T06:10:28Z,2026-02-28T06:10:28Z,it,app
REG-2026-000475,CHROMA-DE-00084,CC-CHROMA-002,ccciw.jana.lange@web.de,2025-12-24T09:54:48Z,2026-02-24T09:54:48Z,en,phone
REG-2026-000476,PRISM-DE-00087,CC-PRISM-002,ccciw.noah.becker@gmail.com,2026-01-02T01:38:46Z,2026-03-02T01:38:46Z,en,in-store
REG-2026-000477,LUMA-DE-00073,CC-LUMA-001,ccciw.leon.huber@t-online.de,2026-01-01T19:50:34Z,2026-03-01T19:50:34Z,en,phone
REG-2026-000478,NOVA-DE-00094,CC-NOVA-002,ccciw.tobias.neumann@gmail.com,,,,
REG-2026-000479,CHROMA-DE-00085,CC-CHROMA-002,ccciw.sarah.krause@outlook.com,,,,
REG-2026-000480,NOVA-DE-00095,CC-NOVA-002,ccciw.felix.hartmann@yahoo.com,2025-12-31T14:37:49Z,2026-02-28T14:37:49Z,en,in-store
REG-2026-000481,CHROMA-NL-00005,CC-CHROMA-001,ccciw.fleur.bakker@gmx.de,2025-12-30T05:05:49Z,2026-02-28T05:05:49Z,en,app
REG-2026-000482,PRISM-DE-00088,CC-PRISM-002,ccciw.kathrin.meyer@gmail.com,2026-01-05T03:26:47Z,2026-03-05T03:26:47Z,en,in-store
REG-2026-000483,LUMA-DE-00074,CC-LUMA-002,ccciw.paul.engel@gmail.com,2026-01-02T17:56:09Z,2026-03-02T17:56:09Z,en,in-store
REG-2026-000484,NOVA-DE-00096,CC-NOVA-002,ccciw.laura.huber@web.de,2026-01-07T11:37:51Z,2026-03-07T11:37:51Z,en,webpage
REG-2026-000485,LUMA-DE-00075,CC-LUMA-002,ccciw.erik.engel@yahoo.com,2026-01-03T02:13:43Z,2026-03-03T02:13:43Z,en,phone
REG-2026-000486,LUMA-DE-00076,CC-LUMA-002,ccciw.lukas.weber@web.de,2026-02-21T14:26:13Z,2026-04-21T14:26:13Z,pl,in-store
REG-2026-000487,NOVA-DE-00097,CC-NOVA-002,ccciw.sophie.lehmann@gmail.com,2026-01-07T04:56:02Z,2026-03-07T04:56:02Z,en,in-store
REG-2026-000488,AURA-DE-00042,CC-AURA-001,ccciw.anna.meier@gmx.de,2026-03-17T10:04:26Z,2026-05-17T10:04:26Z,en,phone
REG-2026-000489,CHROMA-DE-00086,CC-CHROMA-002,ccciw.noah.lang@yahoo.com,2026-01-09T23:36:30Z,2026-03-09T23:36:30Z,en,phone
REG-2026-000490,LUMA-DE-00077,CC-LUMA-001,ccciw.paul.meyer@gmx.de,2026-01-09T06:20:13Z,2026-03-09T06:20:13Z,en,webpage
REG-2026-000491,AURA-CH-00003,CC-AURA-001,ccciw.nora.bieri@gmx.de,2026-01-07T23:40:23Z,2026-05-07T23:40:23Z,en,in-store
REG-2026-000492,CHROMA-DE-00087,CC-CHROMA-002,ccciw.niklas.werner@web.de,2026-01-18T19:12:01Z,2026-03-18T19:12:01Z,en,in-store
REG-2026-000493,NOVA-DE-00098,CC-NOVA-002,ccciw.marlene.muller@gmx.de,2026-01-04T23:39:40Z,2026-03-04T23:39:40Z,en,phone
REG-2026-000494,PRISM-FR-00003,CC-PRISM-002,ccciw.lucas.petit@outlook.com,2026-01-10T06:00:10Z,2026-03-10T06:00:10Z,en,webpage
REG-2026-000495,NOVA-DE-00099,CC-NOVA-002,ccciw.jan.klein@outlook.com,2026-01-06T12:53:23Z,2026-03-06T12:53:23Z,en,phone
REG-2026-000496,AURA-AT-00005,CC-AURA-001,ccciw.theresa.pichler@gmail.com,2026-02-12T21:55:09Z,2026-04-12T21:55:09Z,en,webpage
REG-2026-000497,CHROMA-DE-00088,CC-CHROMA-001,ccciw.max.winter@outlook.com,2026-01-08T14:22:11Z,2026-03-08T14:22:11Z,en,app
REG-2026-000498,PRISM-DE-00089,CC-PRISM-001,ccciw.jan.braun@gmail.com,,,,
REG-2026-000499,CHROMA-DE-00089,CC-CHROMA-001,ccciw.hannah.vogel@gmail.com,2026-01-10T18:26:36Z,2026-03-10T18:26:36Z,en,app
REG-2026-000500,PRISM-DE-00090,CC-PRISM-001,ccciw.max.schmitz@yahoo.com,,,,
REG-2026-000501,CHROMA-DE-00090,CC-CHROMA-001,ccciw.clara.klein@t-online.de,2026-01-10T12:50:59Z,2026-03-10T12:50:59Z,en,phone
REG-2026-000502,CHROMA-DE-00091,CC-CHROMA-002,ccciw.clara.vogel@outlook.com,2026-01-13T14:02:36Z,2026-03-13T14:02:36Z,en,app
REG-2026-000503,NOVA-DE-00100,CC-NOVA-002,ccciw.philipp.schwarz@gmail.com,,,,
REG-2026-000504,CHROMA-DE-00092,CC-CHROMA-002,ccciw.erik.hartmann@gmail.com,2026-01-16T16:50:36Z,2026-03-16T16:50:36Z,en,in-store
REG-2026-000505,AURA-DE-00043,CC-AURA-001,ccciw.laura.lange@gmail.com,2026-01-20T05:07:17Z,2026-03-20T05:07:17Z,en,webpage
REG-2026-000506,AURA-DE-00044,CC-AURA-001,ccciw.nina.koch@web.de,,,,
REG-2026-000507,LUMA-DE-00078,CC-LUMA-001,ccciw.sophie.schwarz@gmail.com,2026-01-18T19:37:29Z,2026-03-18T19:37:29Z,en,webpage
REG-2026-000508,PRISM-CH-00008,CC-PRISM-002,ccciw.marco.sutter@gmail.com,2026-01-15T00:39:50Z,2026-03-15T00:39:50Z,en,app
REG-2026-000509,LUMA-AT-00006,CC-LUMA-001,ccciw.theresa.fuchs@gmail.com,2026-01-22T10:02:39Z,2026-03-22T10:02:39Z,en,app
REG-2026-000510,LUMA-DE-00079,CC-LUMA-002,ccciw.leon.weber@outlook.com,2026-01-15T15:51:15Z,2026-03-15T15:51:15Z,en,webpage
REG-2026-000511,CHROMA-DE-00093,CC-CHROMA-002,ccciw.lukas.moller@yahoo.com,,,,
REG-2026-000512,PRISM-DE-00091,CC-PRISM-001,ccciw.nina.richter@gmail.com,2026-01-23T22:11:33Z,2026-03-23T22:11:33Z,en,app
REG-2026-000513,AURA-DE-00045,CC-AURA-001,ccciw.max.hartmann@gmail.com,2026-01-21T10:55:38Z,2026-03-21T10:55:38Z,en,webpage
REG-2026-000514,PRISM-DE-00092,CC-PRISM-002,ccciw.tobias.neumann@gmail.com,2026-01-21T06:11:57Z,2026-03-21T06:11:57Z,en,in-store
REG-2026-000515,LUMA-DE-00080,CC-LUMA-002,ccciw.jan.franke@gmail.com,2026-01-19T06:40:03Z,2026-03-19T06:40:03Z,en,phone
REG-2026-000516,NOVA-DE-00101,CC-NOVA-001,ccciw.max.kuhn@yahoo.com,2026-01-24T02:34:59Z,2026-03-24T02:34:59Z,en,app
REG-2026-000517,CHROMA-DE-00094,CC-CHROMA-002,ccciw.marie.werner@gmail.com,2026-01-22T07:52:19Z,2026-03-22T07:52:19Z,en,webpage
REG-2026-000518,LUMA-DE-00081,CC-LUMA-002,ccciw.finn.schroder@web.de,,,,
REG-2026-000519,CHROMA-AT-00008,CC-CHROMA-001,ccciw.hannah.pichler@t-online.de,2026-04-04T23:59:59Z,2026-06-04T23:59:59Z,en,app
REG-2026-000520,NOVA-DE-00102,CC-NOVA-002,ccciw.anna.kuhn@gmx.de,2026-01-22T08:14:35Z,2026-03-22T08:14:35Z,en,in-store
REG-2026-000521,CHROMA-DE-00095,CC-CHROMA-002,ccciw.jana.muller@web.de,2026-01-25T03:14:13Z,2026-03-25T03:14:13Z,en,phone
REG-2026-000522,CHROMA-DE-00096,CC-CHROMA-001,ccciw.marie.weber@outlook.com,2026-01-29T07:26:54Z,2026-03-29T07:26:54Z,en,in-store
REG-2026-000523,NOVA-NL-00005,CC-NOVA-002,ccciw.sanne.visser@web.de,2026-02-07T07:24:04Z,2026-04-07T07:24:04Z,en,webpage
REG-2026-000524,PRISM-UK-00006,CC-PRISM-001,ccciw.noah.taylor@gmx.de,2026-01-24T13:05:04Z,2026-03-24T13:05:04Z,en,phone
REG-2026-000525,NOVA-DE-00103,CC-NOVA-002,ccciw.emma.lang@t-online.de,2026-01-31T02:58:48Z,2026-03-31T02:58:48Z,en,webpage
REG-2026-000526,LUMA-DE-00082,CC-LUMA-001,ccciw.erik.kaiser@web.de,2026-01-24T21:29:46Z,2026-03-24T21:29:46Z,en,in-store
REG-2026-000527,CHROMA-DE-00097,CC-CHROMA-001,ccciw.lena.becker@gmail.com,2026-01-25T13:57:49Z,2026-03-25T13:57:49Z,en,webpage
REG-2026-000528,CHROMA-DE-00098,CC-CHROMA-001,ccciw.julia.klein@gmx.de,2026-02-02T14:42:02Z,2026-04-02T14:42:02Z,en,phone
REG-2026-000529,AURA-DE-00046,CC-AURA-001,ccciw.paul.engel@gmail.com,2026-01-29T11:03:59Z,2026-03-29T11:03:59Z,en,webpage
REG-2026-000530,CHROMA-DE-00099,CC-CHROMA-001,ccciw.paul.kaiser@t-online.de,,,,
REG-2026-000531,AURA-DE-00047,CC-AURA-001,ccciw.philipp.winter@gmx.de,2026-01-28T07:23:49Z,2026-03-28T07:23:49Z,en,webpage
REG-2026-000532,LUMA-AT-00007,CC-LUMA-001,ccciw.nadine.pichler@web.de,,,,
REG-2026-000533,CHROMA-DE-00100,CC-CHROMA-002,ccciw.ben.winter@web.de,2026-01-28T15:36:34Z,2026-03-28T15:36:34Z,en,app
REG-2026-000534,PRISM-DE-00093,CC-PRISM-001,ccciw.sophie.winter@t-online.de,2026-01-31T12:30:31Z,2026-03-31T12:30:31Z,en,app
REG-2026-000535,CHROMA-DE-00101,CC-CHROMA-002,ccciw.lena.becker@gmail.com,2026-04-04T23:59:59Z,2026-06-04T23:59:59Z,en,in-store
REG-2026-000536,LUMA-DE-00083,CC-LUMA-002,ccciw.lisa.schmitz@web.de,,,,
REG-2026-000537,LUMA-DE-00084,CC-LUMA-002,ccciw.max.schmitz@yahoo.com,2026-02-07T01:28:15Z,2026-04-07T01:28:15Z,en,app
REG-2026-000538,PRISM-DE-00094,CC-PRISM-002,ccciw.sarah.richter@gmail.com,2026-02-07T19:02:41Z,2026-04-07T19:02:41Z,en,in-store
REG-2026-000539,LUMA-DE-00085,CC-LUMA-001,ccciw.noah.vogel@outlook.com,2026-02-08T10:49:35Z,2026-04-08T10:49:35Z,en,in-store
REG-2026-000540,LUMA-DE-00086,CC-LUMA-001,ccciw.erik.werner@yahoo.com,2026-02-07T23:20:51Z,2026-04-07T23:20:51Z,en,app
REG-2026-000541,AURA-ES-00004,CC-AURA-001,ccciw.pablo.ruiz@web.de,,,,
REG-2026-000542,PRISM-FR-00004,CC-PRISM-002,ccciw.sarah.laurent@web.de,2026-02-10T00:58:32Z,2026-04-10T00:58:32Z,en,webpage
REG-2026-000543,CHROMA-DE-00102,CC-CHROMA-001,ccciw.sebastian.muller@gmail.com,2026-02-08T23:37:51Z,2026-04-08T23:37:51Z,en,in-store
REG-2026-000544,CHROMA-DE-00103,CC-CHROMA-001,ccciw.anna.schwarz@outlook.com,2026-03-16T11:28:07Z,2026-05-16T11:28:07Z,en,app
REG-2026-000545,LUMA-DE-00087,CC-LUMA-002,ccciw.niklas.huber@web.de,2026-02-05T14:43:24Z,2026-04-05T14:43:24Z,en,webpage
REG-2026-000546,PRISM-DE-00095,CC-PRISM-001,ccciw.hannah.lehmann@t-online.de,2026-02-06T04:13:31Z,2026-04-06T04:13:31Z,en,app
REG-2026-000547,NOVA-DE-00104,CC-NOVA-001,ccciw.niklas.becker@web.de,,,,
REG-2026-000548,CHROMA-UK-00002,CC-CHROMA-002,ccciw.isla.jones@web.de,2026-02-05T02:33:28Z,2026-04-05T02:33:28Z,it,app
REG-2026-000549,PRISM-DE-00096,CC-PRISM-002,ccciw.anna.franke@outlook.com,2026-02-09T17:29:26Z,2026-04-09T17:29:26Z,en,app
REG-2026-000550,NOVA-DE-00105,CC-NOVA-002,ccciw.max.schmitz@yahoo.com,2026-02-05T23:12:23Z,2026-04-05T23:12:23Z,en,in-store
REG-2026-000551,AURA-DE-00048,CC-AURA-001,ccciw.kathrin.koch@gmx.de,2026-02-14T13:31:14Z,2026-04-14T13:31:14Z,en,webpage
REG-2026-000552,LUMA-CH-00004,CC-LUMA-001,ccciw.elena.keller@gmx.de,,,,
REG-2026-000553,CHROMA-DE-00104,CC-CHROMA-002,ccciw.sophie.moller@outlook.com,2026-02-10T06:25:33Z,2026-04-10T06:25:33Z,en,in-store
REG-2026-000554,LUMA-DE-00088,CC-LUMA-001,ccciw.marie.koch@web.de,2026-02-15T07:03:36Z,2026-04-15T07:03:36Z,de,phone
REG-2026-000555,PRISM-DE-00097,CC-PRISM-002,ccciw.sarah.braun@outlook.com,2026-02-14T07:20:38Z,2026-04-14T07:20:38Z,en,app
REG-2026-000556,PRISM-NL-00003,CC-PRISM-001,ccciw.bram.bakker@t-online.de,2026-02-26T06:37:02Z,2026-04-26T06:37:02Z,en,webpage
REG-2026-000557,AURA-CH-00004,CC-AURA-001,ccciw.silvan.stalder@web.de,2026-02-16T16:23:23Z,2026-04-16T16:23:23Z,en,app
REG-2026-000558,PRISM-DE-00098,CC-PRISM-001,ccciw.hannah.vogel@gmail.com,2026-02-15T11:04:12Z,2026-04-15T11:04:12Z,en,in-store
REG-2026-000559,AURA-DE-00049,CC-AURA-001,ccciw.emma.neumann@t-online.de,,,,
REG-2026-000560,CHROMA-DE-00105,CC-CHROMA-001,ccciw.lukas.weber@web.de,2026-03-02T05:32:38Z,2026-05-02T05:32:38Z,en,app
REG-2026-000561,LUMA-DE-00089,CC-LUMA-001,ccciw.tobias.koch@gmail.com,2026-02-20T17:04:26Z,2026-04-20T17:04:26Z,en,phone
REG-2026-000562,NOVA-DE-00106,CC-NOVA-002,ccciw.lena.vogel@gmx.de,,,,
REG-2026-000563,NOVA-DE-00107,CC-NOVA-002,ccciw.sebastian.werner@web.de,,,,
REG-2026-000564,NOVA-DE-00108,CC-NOVA-001,ccciw.julia.lange@outlook.com,,,,
REG-2026-000565,LUMA-DE-00090,CC-LUMA-002,ccciw.lukas.wolf@t-online.de,2026-03-10T11:18:31Z,2026-05-10T11:18:31Z,en,in-store
REG-2026-000566,AURA-DE-00050,CC-AURA-001,ccciw.lisa.schneider@outlook.com,2026-03-26T18:17:34Z,2026-05-26T18:17:34Z,en,phone
REG-2026-000567,CHROMA-DE-00106,CC-CHROMA-001,ccciw.sarah.richter@gmail.com,,,,
REG-2026-000568,LUMA-DE-00091,CC-LUMA-001,ccciw.laura.huber@web.de,2026-02-26T08:54:49Z,2026-04-26T08:54:49Z,fr,app
REG-2026-000569,LUMA-DE-00092,CC-LUMA-002,ccciw.noah.lang@yahoo.com,2026-03-23T09:04:29Z,2026-05-23T09:04:29Z,en,webpage
REG-2026-000570,NOVA-DE-00109,CC-NOVA-001,ccciw.marlene.hartmann@gmail.com,2026-02-26T12:07:35Z,2026-04-26T12:07:35Z,en,phone
REG-2026-000571,PRISM-DE-00099,CC-PRISM-001,ccciw.jan.kaiser@web.de,2026-04-04T23:59:59Z,2026-06-04T23:59:59Z,en,phone
REG-2026-000572,NOVA-AT-00006,CC-NOVA-002,ccciw.theresa.pichler@gmail.com,,,,
REG-2026-000573,LUMA-DE-00093,CC-LUMA-002,ccciw.felix.lange@web.de,2026-04-04T23:59:59Z,2026-06-04T23:59:59Z,en,in-store
REG-2026-000574,NOVA-DE-00110,CC-NOVA-001,ccciw.lisa.franke@gmx.de,2026-02-22T19:36:11Z,2026-04-22T19:36:11Z,en,phone
REG-2026-000575,LUMA-DE-00094,CC-LUMA-002,ccciw.clara.schneider@gmail.com,2026-02-27T11:05:37Z,2026-04-27T11:05:37Z,en,webpage
REG-2026-000576,PRISM-DE-00100,CC-PRISM-001,ccciw.paul.engel@gmail.com,2026-02-24T13:56:56Z,2026-04-24T13:56:56Z,en,phone
REG-2026-000577,NOVA-DE-00111,CC-NOVA-001,ccciw.max.braun@web.de,2026-02-26T05:48:13Z,2026-04-26T05:48:13Z,en,in-store
REG-2026-000578,PRISM-DE-00101,CC-PRISM-001,ccciw.marlene.klein@web.de,2026-02-28T15:02:57Z,2026-04-28T15:02:57Z,en,phone
REG-2026-000579,AURA-DE-00051,CC-AURA-001,ccciw.jonas.winter@t-online.de,2026-03-02T06:41:14Z,2026-05-02T06:41:14Z,en,in-store
REG-2026-000580,NOVA-DE-00112,CC-NOVA-001,ccciw.sophie.winter@t-online.de,2026-03-03T13:31:45Z,2026-05-03T13:31:45Z,en,in-store
REG-2026-000581,CHROMA-DE-00107,CC-CHROMA-001,ccciw.sarah.braun@outlook.com,,,,
REG-2026-000582,PRISM-DE-00102,CC-PRISM-001,ccciw.sarah.klein@gmx.de,,,,
REG-2026-000583,NOVA-ES-00003,CC-NOVA-002,ccciw.lucia.martin@outlook.com,2026-03-01T07:25:32Z,2026-05-01T07:25:32Z,en,in-store
REG-2026-000584,AURA-DE-00052,CC-AURA-001,ccciw.lukas.huber@outlook.com,2026-02-26T13:28:22Z,2026-04-26T13:28:22Z,en,phone
REG-2026-000585,LUMA-ES-00003,CC-LUMA-002,ccciw.elena.perez@web.de,2026-03-06T03:56:55Z,2026-05-06T03:56:55Z,en,app
REG-2026-000586,PRISM-DE-00103,CC-PRISM-001,ccciw.ben.braun@outlook.com,2026-03-07T12:27:41Z,2026-05-07T12:27:41Z,en,webpage
REG-2026-000587,CHROMA-CH-00003,CC-CHROMA-002,ccciw.nora.bieri@gmx.de,2026-04-04T23:59:59Z,2026-08-04T23:59:59Z,fr,phone
REG-2026-000588,PRISM-DE-00104,CC-PRISM-002,ccciw.jonas.krause@web.de,2026-03-02T17:33:54Z,2026-05-02T17:33:54Z,en,phone
REG-2026-000589,NOVA-AT-00007,CC-NOVA-001,ccciw.hannah.pichler@t-online.de,2026-03-06T18:17:43Z,2026-05-06T18:17:43Z,en,app
REG-2026-000590,PRISM-DE-00105,CC-PRISM-001,ccciw.ben.vogel@web.de,2026-03-01T09:29:17Z,2026-05-01T09:29:17Z,en,in-store
REG-2026-000591,AURA-CH-00005,CC-AURA-001,ccciw.jan.bachmann@gmail.com,2026-03-17T05:40:14Z,2026-05-17T05:40:14Z,en,phone
REG-2026-000592,NOVA-ES-00004,CC-NOVA-001,ccciw.javier.sanchez@outlook.com,,,,
REG-2026-000593,PRISM-DE-00106,CC-PRISM-001,ccciw.philipp.schwarz@gmail.com,2026-03-06T00:01:20Z,2026-05-06T00:01:20Z,en,app
REG-2026-000594,CHROMA-CH-00004,CC-CHROMA-002,ccciw.luca.widmer@web.de,2026-03-09T14:20:55Z,2026-05-09T14:20:55Z,en,app
REG-2026-000595,NOVA-DE-00113,CC-NOVA-002,ccciw.leon.lehmann@t-online.de,2026-03-10T08:58:49Z,2026-05-10T08:58:49Z,en,phone
REG-2026-000596,CHROMA-DE-00108,CC-CHROMA-001,ccciw.sebastian.kaiser@web.de,2026-03-07T08:42:46Z,2026-05-07T08:42:46Z,en,in-store
REG-2026-000597,CHROMA-DE-00109,CC-CHROMA-002,ccciw.felix.schmitz@gmail.com,2026-03-07T15:24:10Z,2026-05-07T15:24:10Z,en,webpage
REG-2026-000598,LUMA-DE-00095,CC-LUMA-001,ccciw.felix.lange@web.de,2026-03-09T03:50:46Z,2026-05-09T03:50:46Z,pl,webpage
REG-2026-000599,LUMA-CH-00005,CC-LUMA-001,ccciw.lina.keller@web.de,2026-04-04T23:59:59Z,2026-06-04T23:59:59Z,en,phone
REG-2026-000600,PRISM-DE-00107,CC-PRISM-001,ccciw.jana.weber@yahoo.com,2026-04-04T23:59:59Z,2026-06-04T23:59:59Z,en,in-store
REG-2026-000601,PRISM-DE-00108,CC-PRISM-001,ccciw.clara.hoffmann@web.de,2026-03-15T10:53:22Z,2026-05-15T10:53:22Z,en,app
REG-2026-000602,NOVA-CH-00008,CC-NOVA-002,ccciw.marco.sutter@gmail.com,2026-03-11T18:34:35Z,2026-05-11T18:34:35Z,en,app
REG-2026-000603,LUMA-DE-00096,CC-LUMA-001,ccciw.julia.huber@outlook.com,2026-03-17T08:01:07Z,2026-05-17T08:01:07Z,en,app
REG-2026-000604,LUMA-DE-00097,CC-LUMA-001,ccciw.anna.kruger@yahoo.com,2026-03-10T08:57:53Z,2026-05-10T08:57:53Z,en,in-store
REG-2026-000605,AURA-DE-00053,CC-AURA-001,ccciw.leon.lehmann@t-online.de,2026-03-16T18:04:00Z,2026-05-16T18:04:00Z,nl,app
REG-2026-000606,CHROMA-DE-00110,CC-CHROMA-002,ccciw.anna.schmitz@web.de,2026-03-15T22:14:09Z,2026-05-15T22:14:09Z,en,app
REG-2026-000607,LUMA-DE-00098,CC-LUMA-001,ccciw.finn.klein@yahoo.com,2026-03-13T11:15:47Z,2026-05-13T11:15:47Z,nl,webpage
REG-2026-000608,PRISM-DE-00109,CC-PRISM-001,ccciw.felix.becker@web.de,2026-03-17T21:19:41Z,2026-05-17T21:19:41Z,en,webpage
REG-2026-000609,CHROMA-DE-00111,CC-CHROMA-001,ccciw.hannah.schroder@outlook.com,2026-03-13T23:52:51Z,2026-05-13T23:52:51Z,en,webpage
REG-2026-000610,PRISM-DE-00110,CC-PRISM-002,ccciw.niklas.huber@web.de,2026-03-18T08:06:02Z,2026-05-18T08:06:02Z,en,webpage
REG-2026-000611,AURA-DE-00054,CC-AURA-001,ccciw.marie.schwarz@web.de,2026-03-15T16:29:50Z,2026-05-15T16:29:50Z,en,in-store
REG-2026-000612,LUMA-DE-00099,CC-LUMA-001,ccciw.marie.kaiser@gmail.com,2026-03-16T02:42:12Z,2026-05-16T02:42:12Z,en,webpage
REG-2026-000613,NOVA-FR-00004,CC-NOVA-002,ccciw.chloe.moreau@gmx.de,,,,
REG-2026-000614,CHROMA-DE-00112,CC-CHROMA-002,ccciw.nina.werner@gmx.de,2026-03-14T04:05:03Z,2026-05-14T04:05:03Z,en,in-store
REG-2026-000615,NOVA-DE-00114,CC-NOVA-001,ccciw.paul.schneider@gmail.com,2026-03-21T16:08:00Z,2026-05-21T16:08:00Z,en,webpage
REG-2026-000616,CHROMA-DE-00113,CC-CHROMA-002,ccciw.emma.neumann@t-online.de,2026-03-15T01:15:53Z,2026-05-15T01:15:53Z,en,phone
REG-2026-000617,CHROMA-DE-00114,CC-CHROMA-002,ccciw.jan.weber@gmail.com,2026-04-04T23:59:59Z,2026-06-04T23:59:59Z,en,phone
REG-2026-000618,AURA-DE-00055,CC-AURA-001,ccciw.melina.werner@outlook.com,2026-04-04T23:59:59Z,2026-06-04T23:59:59Z,en,in-store
REG-2026-000619,AURA-DE-00056,CC-AURA-001,ccciw.marie.huber@web.de,2026-03-18T20:43:59Z,2026-05-18T20:43:59Z,en,phone
REG-2026-000620,PRISM-DE-00111,CC-PRISM-002,ccciw.anna.braun@outlook.com,2026-03-25T04:15:52Z,2026-05-25T04:15:52Z,en,phone
REG-2026-000621,NOVA-DE-00115,CC-NOVA-001,ccciw.sarah.richter@gmail.com,2026-03-23T01:08:24Z,2026-05-23T01:08:24Z,en,webpage
REG-2026-000622,CHROMA-ES-00002,CC-CHROMA-001,ccciw.pablo.martin@outlook.com,2026-03-24T00:48:03Z,2026-05-24T00:48:03Z,en,phone
REG-2026-000623,NOVA-DE-00116,CC-NOVA-001,ccciw.leon.engel@yahoo.com,2026-03-19T05:43:37Z,2026-05-19T05:43:37Z,en,webpage
REG-2026-000624,LUMA-DE-00100,CC-LUMA-001,ccciw.sarah.franke@t-online.de,2026-03-19T04:12:53Z,2026-05-19T04:12:53Z,en,webpage
REG-2026-000625,LUMA-DE-00101,CC-LUMA-002,ccciw.erik.kuhn@yahoo.com,2026-04-04T23:59:59Z,2026-06-04T23:59:59Z,en,app
REG-2026-000626,PRISM-UK-00007,CC-PRISM-002,ccciw.isla.jones@web.de,2026-03-22T04:53:15Z,2026-05-22T04:53:15Z,en,phone
REG-2026-000627,AURA-DE-00057,CC-AURA-001,ccciw.tim.braun@gmail.com,2026-03-22T13:39:30Z,2026-05-22T13:39:30Z,en,app
REG-2026-000628,CHROMA-DE-00115,CC-CHROMA-002,ccciw.philipp.krause@web.de,2026-03-25T13:05:16Z,2026-05-25T13:05:16Z,en,webpage
REG-2026-000629,PRISM-DE-00112,CC-PRISM-002,ccciw.lisa.franke@gmx.de,2026-03-24T09:12:18Z,2026-05-24T09:12:18Z,en,in-store
REG-2026-000630,AURA-DE-00058,CC-AURA-001,ccciw.niklas.weber@gmx.de,2026-03-27T07:11:31Z,2026-05-27T07:11:31Z,en,in-store
REG-2026-000631,NOVA-CH-00009,CC-NOVA-002,ccciw.mara.frei@outlook.com,2026-03-30T16:10:38Z,2026-05-30T16:10:38Z,pt,in-store
REG-2026-000632,CHROMA-DE-00116,CC-CHROMA-001,ccciw.emma.krause@web.de,2026-03-28T14:17:52Z,2026-05-28T14:17:52Z,en,phone
REG-2026-000633,PRISM-DE-00113,CC-PRISM-002,ccciw.moritz.schmidt@outlook.com,2026-03-30T17:05:22Z,2026-05-30T17:05:22Z,en,webpage
REG-2026-000634,CHROMA-DE-00117,CC-CHROMA-002,ccciw.max.vogel@outlook.com,2026-03-26T16:09:28Z,2026-05-26T16:09:28Z,en,app
REG-2026-000635,AURA-FR-00003,CC-AURA-001,ccciw.lea.durand@outlook.com,2026-04-02T01:15:44Z,2026-06-02T01:15:44Z,en,app
REG-2026-000636,NOVA-DE-00117,CC-NOVA-002,ccciw.anna.schmidt@gmx.de,2026-04-04T23:59:59Z,2026-06-04T23:59:59Z,en,webpage
REG-2026-000637,NOVA-CH-00010,CC-NOVA-001,ccciw.nora.brunner@gmx.de,2026-04-03T02:23:48Z,2026-06-03T02:23:48Z,en,webpage
REG-2026-000638,CHROMA-DE-00118,CC-CHROMA-002,ccciw.melina.franke@outlook.com,2026-03-29T18:10:56Z,2026-05-29T18:10:56Z,pt,in-store
REG-2026-000639,PRISM-ES-00006,CC-PRISM-002,ccciw.javier.sanchez@outlook.com,2026-04-03T19:01:41Z,2026-06-03T19:01:41Z,en,phone
REG-2026-000640,AURA-DE-00059,CC-AURA-001,ccciw.david.krause@gmail.com,2026-03-31T09:06:55Z,2026-05-31T09:06:55Z,en,phone
REG-2026-000641,CHROMA-DE-00119,CC-CHROMA-002,ccciw.melina.schwarz@outlook.com,2026-04-04T23:59:59Z,2026-06-04T23:59:59Z,fr,webpage
REG-2026-000642,PRISM-DE-00114,CC-PRISM-001,ccciw.melina.muller@gmail.com,,,,
REG-2026-000643,LUMA-DE-00102,CC-LUMA-002,ccciw.philipp.kuhn@gmx.de,2026-04-03T21:01:57Z,2026-06-03T21:01:57Z,en,phone
REG-2026-000644,AURA-DE-00060,CC-AURA-001,ccciw.jonas.krause@web.de,2026-04-04T19:07:31Z,2026-06-04T19:07:31Z,en,webpage
REG-2026-000645,LUMA-DE-00103,CC-LUMA-001,ccciw.niklas.schroder@gmx.de,2026-04-04T23:59:59Z,2026-06-04T23:59:59Z,de,app
REG-2026-000646,PRISM-NL-00004,CC-PRISM-002,ccciw.noa.bos@yahoo.com,2026-04-04T23:59:59Z,2026-06-04T23:59:59Z,en,phone
REG-2026-000647,AURA-DE-00061,CC-AURA-001,ccciw.emma.krause@web.de,2026-04-04T08:00:33Z,2026-06-04T08:00:33Z,en,in-store
REG-2026-000648,LUMA-DE-00104,CC-LUMA-002,ccciw.jana.meier@outlook.com,2026-04-04T23:59:59Z,2026-06-04T23:59:59Z,en,webpage
REG-2026-000649,PRISM-DE-00115,CC-PRISM-002,ccciw.lukas.moller@yahoo.com,2026-04-04T23:59:59Z,2026-06-04T23:59:59Z,en,in-store
REG-2026-000650,PRISM-DE-00116,CC-PRISM-001,ccciw.mia.schmitz@outlook.com,2026-04-04T23:59:59Z,2026-06-04T23:59:59Z,en,webpage
REG-2026-000651,CHROMA-DE-00120,CC-CHROMA-002,ccciw.alex.schmidt297@gmx.de,2025-04-10T01:01:17Z,2025-06-10T01:01:17Z,en,in-store
REG-2026-000652,NOVA-DE-00118,CC-NOVA-001,ccciw.ella.martin119@outlook.com,2025-08-19T08:12:52Z,2025-10-19T08:12:52Z,en,phone
REG-2026-000653,AURA-AT-00006,CC-AURA-001,ccciw.morgan.garcia151@gmx.de,,,,
REG-2026-000654,LUMA-DE-00105,CC-LUMA-002,ccciw.luca.klein424@gmx.de,2025-11-04T11:35:00Z,2026-01-04T11:35:00Z,en,app
REG-2026-000655,LUMA-NL-00002,CC-LUMA-001,ccciw.sofia.brown602@yahoo.com,2025-08-28T03:37:36Z,2025-10-28T03:37:36Z,en,webpage
REG-2026-000656,PRISM-DE-00117,CC-PRISM-002,ccciw.noah.huber604@t-online.de,2025-11-09T07:11:39Z,2026-01-09T07:11:39Z,en,in-store
REG-2026-000657,LUMA-DE-00106,CC-LUMA-002,ccciw.cameron.huber604@gmx.de,2025-11-30T02:05:51Z,2026-01-30T02:05:51Z,en,webpage
REG-2026-000658,LUMA-AT-00008,CC-LUMA-002,ccciw.nina.smith230@yahoo.com,2026-03-28T16:03:41Z,2026-05-28T16:03:41Z,en,webpage
REG-2026-000659,LUMA-DE-00107,CC-LUMA-001,ccciw.morgan.klein781@outlook.com,2025-07-07T03:39:00Z,2025-09-07T03:39:00Z,it,webpage
REG-2026-000660,NOVA-DE-00119,CC-NOVA-002,ccciw.alex.schmidt487@gmail.com,2025-06-22T16:06:28Z,2025-08-22T16:06:28Z,en,phone
REG-2026-000661,PRISM-DE-00118,CC-PRISM-002,ccciw.milan.becker546@web.de,2025-04-27T23:20:55Z,2025-06-27T23:20:55Z,es,app
REG-2026-000662,CHROMA-DE-00121,CC-CHROMA-001,ccciw.cameron.keller524@gmail.com,,,,
REG-2026-000663,LUMA-ES-00004,CC-LUMA-001,ccciw.alex.schmidt217@outlook.com,2025-05-21T16:53:33Z,2025-07-21T16:53:33Z,en,phone
REG-2026-000664,PRISM-DE-00119,CC-PRISM-002,ccciw.avery.hoffmann256@t-online.de,2025-09-28T15:30:50Z,2025-11-28T15:30:50Z,en,webpage
REG-2026-000665,NOVA-DE-00120,CC-NOVA-002,ccciw.casey.schmidt643@t-online.de,2025-08-01T01:31:57Z,2025-10-01T01:31:57Z,en,in-store
REG-2026-000666,AURA-DE-00062,CC-AURA-001,ccciw.alex.brown251@gmx.de,2025-12-14T06:13:02Z,2026-02-14T06:13:02Z,en,app
REG-2026-000667,PRISM-DE-00120,CC-PRISM-002,ccciw.milan.keller693@outlook.com,2025-05-13T19:38:56Z,2025-07-13T19:38:56Z,en,webpage
REG-2026-000668,LUMA-FR-00005,CC-LUMA-002,ccciw.sofia.klein747@web.de,2025-07-01T16:54:25Z,2025-09-01T16:54:25Z,en,phone
REG-2026-000669,NOVA-DE-00121,CC-NOVA-002,ccciw.cameron.klein517@gmx.de,2025-11-23T08:08:22Z,2026-01-23T08:08:22Z,en,in-store
REG-2026-000670,CHROMA-DE-00122,CC-CHROMA-002,ccciw.alex.klein224@web.de,,,,
REG-2026-000671,PRISM-DE-00121,CC-PRISM-002,ccciw.morgan.martin959@outlook.com,,,,
REG-2026-000672,AURA-DE-00063,CC-AURA-001,ccciw.avery.meyer695@yahoo.com,2026-01-09T04:28:10Z,2026-03-09T04:28:10Z,en,app
REG-2026-000673,NOVA-NL-00006,CC-NOVA-001,ccciw.taylor.huber515@web.de,2025-05-12T17:08:03Z,2025-07-12T17:08:03Z,en,phone
REG-2026-000674,PRISM-DE-00122,CC-PRISM-002,ccciw.jordan.meyer101@t-online.de,,,,
REG-2026-000675,CHROMA-DE-00123,CC-CHROMA-001,ccciw.ella.hoffmann634@gmail.com,2026-03-11T09:33:26Z,2026-05-11T09:33:26Z,en,app
REG-2026-000676,LUMA-DE-00108,CC-LUMA-002,ccciw.alex.keller654@gmail.com,2025-07-10T05:45:54Z,2025-09-10T05:45:54Z,en,in-store
REG-2026-000677,NOVA-DE-00122,CC-NOVA-001,ccciw.emma.fischer720@gmx.de,,,,
REG-2026-000678,LUMA-DE-00109,CC-LUMA-002,ccciw.milan.dubois570@web.de,,,,
REG-2026-000679,NOVA-DE-00123,CC-NOVA-001,ccciw.liam.smith708@gmx.de,2025-09-26T17:54:03Z,2025-11-26T17:54:03Z,en,phone
REG-2026-000680,CHROMA-DE-00124,CC-CHROMA-002,ccciw.noah.dubois284@yahoo.com,2025-06-19T22:48:01Z,2025-08-19T22:48:01Z,en,phone
REG-2026-000681,PRISM-DE-00123,CC-PRISM-002,ccciw.robin.keller949@web.de,2026-03-28T03:41:09Z,2026-05-28T03:41:09Z,en,webpage
REG-2026-000682,PRISM-DE-00124,CC-PRISM-002,ccciw.alex.huber760@gmail.com,2025-08-24T01:29:54Z,2025-10-24T01:29:54Z,en,app
REG-2026-000683,PRISM-NL-00005,CC-PRISM-002,ccciw.emma.martin927@gmx.de,,,,
REG-2026-000684,CHROMA-DE-00125,CC-CHROMA-001,ccciw.noah.jansen125@outlook.com,2025-05-29T23:32:17Z,2025-07-29T23:32:17Z,en,phone
REG-2026-000685,CHROMA-DE-00126,CC-CHROMA-002,ccciw.robin.dubois274@outlook.com,2025-06-21T18:07:45Z,2025-08-21T18:07:45Z,en,phone
REG-2026-000686,NOVA-DE-00124,CC-NOVA-001,ccciw.morgan.hoffmann422@web.de,2025-06-19T03:56:01Z,2025-08-19T03:56:01Z,en,app
REG-2026-000687,PRISM-DE-00125,CC-PRISM-002,ccciw.casey.garcia514@gmail.com,2026-01-24T20:49:23Z,2026-03-24T20:49:23Z,en,webpage
REG-2026-000688,AURA-DE-00064,CC-AURA-001,ccciw.alex.schmidt898@gmail.com,2025-07-19T14:24:27Z,2025-09-19T14:24:27Z,en,phone
REG-2026-000689,PRISM-DE-00126,CC-PRISM-001,ccciw.mia.keller144@gmx.de,2025-05-26T21:00:55Z,2025-07-26T21:00:55Z,es,in-store
REG-2026-000690,CHROMA-FR-00003,CC-CHROMA-001,ccciw.milan.martin178@gmx.de,2025-07-30T14:00:20Z,2025-09-30T14:00:20Z,en,in-store
REG-2026-000691,PRISM-ES-00007,CC-PRISM-001,ccciw.luca.huber707@web.de,2025-09-30T01:03:37Z,2025-11-30T01:03:37Z,de,webpage
REG-2026-000692,LUMA-DE-00110,CC-LUMA-001,ccciw.ella.keller903@web.de,2026-02-11T20:31:12Z,2026-04-11T20:31:12Z,en,in-store
REG-2026-000693,NOVA-DE-00125,CC-NOVA-001,ccciw.ella.martin223@t-online.de,2025-06-06T15:42:27Z,2025-08-06T15:42:27Z,en,app
REG-2026-000694,PRISM-UK-00008,CC-PRISM-001,ccciw.riley.wagner601@t-online.de,2026-02-09T16:26:02Z,2026-04-09T16:26:02Z,en,in-store
REG-2026-000695,CHROMA-DE-00127,CC-CHROMA-001,ccciw.riley.keller170@yahoo.com,,,,
REG-2026-000696,NOVA-DE-00126,CC-NOVA-002,ccciw.emma.hoffmann484@web.de,2026-02-06T00:45:07Z,2026-04-06T00:45:07Z,en,app
REG-2026-000697,NOVA-DE-00127,CC-NOVA-001,ccciw.nina.meyer123@web.de,2026-02-03T10:17:06Z,2026-04-03T10:17:06Z,en,in-store
REG-2026-000698,PRISM-DE-00127,CC-PRISM-001,ccciw.emma.dubois747@gmail.com,2025-12-05T01:10:18Z,2026-02-05T01:10:18Z,pt,phone
REG-2026-000699,AURA-DE-00065,CC-AURA-001,ccciw.nina.schmidt609@web.de,2025-11-13T11:33:16Z,2026-01-13T11:33:16Z,en,webpage
REG-2026-000700,CHROMA-UK-00003,CC-CHROMA-001,ccciw.taylor.jansen111@gmx.de,,,,
REG-2026-000701,LUMA-DE-00111,CC-LUMA-002,ccciw.jordan.meyer291@web.de,2026-01-04T20:06:47Z,2026-03-04T20:06:47Z,en,in-store
REG-2026-000702,NOVA-DE-00128,CC-NOVA-002,ccciw.avery.brown907@gmx.de,2025-04-14T07:40:04Z,2025-06-14T07:40:04Z,en,app
REG-2026-000703,NOVA-DE-00129,CC-NOVA-002,ccciw.casey.martin318@gmx.de,2025-08-03T06:09:19Z,2025-10-03T06:09:19Z,en,webpage
REG-2026-000704,PRISM-DE-00128,CC-PRISM-002,ccciw.cameron.martin275@outlook.com,2026-02-19T21:41:03Z,2026-04-19T21:41:03Z,en,in-store
REG-2026-000705,NOVA-DE-00130,CC-NOVA-001,ccciw.sofia.becker114@web.de,2025-05-11T09:05:56Z,2025-07-11T09:05:56Z,en,webpage
REG-2026-000706,NOVA-DE-00131,CC-NOVA-002,ccciw.riley.fischer557@t-online.de,2025-10-05T06:49:41Z,2025-12-05T06:49:41Z,en,in-store
REG-2026-000707,AURA-DE-00066,CC-AURA-001,ccciw.avery.huber981@web.de,2026-03-19T17:59:08Z,2026-05-19T17:59:08Z,it,webpage
REG-2026-000708,CHROMA-DE-00128,CC-CHROMA-001,ccciw.mia.meyer151@gmx.de,2025-07-08T13:42:34Z,2025-09-08T13:42:34Z,en,app
REG-2026-000709,PRISM-DE-00129,CC-PRISM-001,ccciw.mia.fischer800@yahoo.com,2025-09-11T00:46:34Z,2025-11-11T00:46:34Z,en,app
REG-2026-000710,PRISM-ES-00008,CC-PRISM-001,ccciw.casey.meyer937@gmx.de,2025-11-17T23:02:48Z,2026-01-17T23:02:48Z,en,phone
REG-2026-000711,AURA-AT-00007,CC-AURA-001,ccciw.morgan.fischer866@gmail.com,2025-06-24T20:52:14Z,2025-08-24T20:52:14Z,en,in-store
REG-2026-000712,AURA-CH-00006,CC-AURA-001,ccciw.leo.wagner497@yahoo.com,2026-01-16T10:50:18Z,2026-03-16T10:50:18Z,en,webpage
REG-2026-000713,PRISM-DE-00130,CC-PRISM-001,ccciw.milan.smith948@outlook.com,2025-06-25T00:35:49Z,2025-08-25T00:35:49Z,en,app
REG-2026-000714,PRISM-ES-00009,CC-PRISM-001,ccciw.avery.jansen908@gmail.com,2025-07-28T17:21:39Z,2025-09-28T17:21:39Z,en,phone
REG-2026-000715,NOVA-DE-00132,CC-NOVA-002,ccciw.emma.brown841@yahoo.com,,,,
REG-2026-000716,PRISM-DE-00131,CC-PRISM-001,ccciw.ella.garcia569@t-online.de,,,,
REG-2026-000717,LUMA-DE-00112,CC-LUMA-001,ccciw.riley.becker561@t-online.de,2026-03-08T12:54:12Z,2026-05-08T12:54:12Z,en,app
REG-2026-000718,LUMA-DE-00113,CC-LUMA-002,ccciw.milan.jansen247@web.de,2026-02-28T21:44:15Z,2026-04-28T21:44:15Z,en,webpage
REG-2026-000719,CHROMA-DE-00129,CC-CHROMA-001,ccciw.cameron.keller525@t-online.de,2025-04-28T09:19:01Z,2025-06-28T09:19:01Z,en,app
REG-2026-000720,NOVA-DE-00133,CC-NOVA-002,ccciw.casey.muller645@yahoo.com,2025-06-13T19:07:31Z,2025-08-13T19:07:31Z,en,phone
REG-2026-000721,AURA-DE-00067,CC-AURA-001,ccciw.luca.keller243@t-online.de,2025-11-19T03:42:03Z,2026-01-19T03:42:03Z,en,in-store
REG-2026-000722,LUMA-DE-00114,CC-LUMA-002,ccciw.liam.garcia104@web.de,2026-01-22T06:48:44Z,2026-03-22T06:48:44Z,nl,phone
REG-2026-000723,NOVA-DE-00134,CC-NOVA-001,ccciw.cameron.keller584@yahoo.com,2025-04-07T03:05:35Z,2025-06-07T03:05:35Z,en,app
REG-2026-000724,NOVA-DE-00135,CC-NOVA-002,ccciw.noah.dubois976@gmx.de,2025-12-30T09:05:33Z,2026-02-28T09:05:33Z,es,app
REG-2026-000725,LUMA-DE-00115,CC-LUMA-001,ccciw.morgan.becker768@web.de,2025-10-26T20:37:31Z,2025-12-26T20:37:31Z,en,in-store
REG-2026-000726,PRISM-DE-00132,CC-PRISM-002,ccciw.ella.meyer695@outlook.com,2026-02-23T12:03:18Z,2026-04-23T12:03:18Z,pl,in-store
REG-2026-000727,AURA-DE-00068,CC-AURA-001,ccciw.riley.martin186@web.de,2026-03-17T08:38:30Z,2026-05-17T08:38:30Z,fr,app
REG-2026-000728,LUMA-ES-00005,CC-LUMA-001,ccciw.noah.keller421@outlook.com,,,,
REG-2026-000729,NOVA-AT-00008,CC-NOVA-001,ccciw.ella.keller410@gmail.com,2025-12-19T23:45:28Z,2026-02-19T23:45:28Z,en,in-store
REG-2026-000730,CHROMA-DE-00130,CC-CHROMA-002,ccciw.nina.fischer276@outlook.com,,,,
REG-2026-000731,CHROMA-DE-00131,CC-CHROMA-002,ccciw.cameron.jansen158@gmx.de,2025-11-17T00:09:33Z,2026-01-17T00:09:33Z,en,app
REG-2026-000732,NOVA-DE-00136,CC-NOVA-002,ccciw.morgan.schmidt924@yahoo.com,2025-09-19T08:59:37Z,2025-11-19T08:59:37Z,en,phone
REG-2026-000733,PRISM-DE-00133,CC-PRISM-001,ccciw.riley.keller619@gmail.com,2025-09-13T06:33:40Z,2025-11-13T06:33:40Z,pl,in-store
REG-2026-000734,LUMA-DE-00116,CC-LUMA-001,ccciw.milan.muller937@gmail.com,2025-06-29T01:18:48Z,2025-08-29T01:18:48Z,en,webpage
REG-2026-000735,AURA-DE-00069,CC-AURA-001,ccciw.noah.brown475@yahoo.com,2025-10-15T17:23:52Z,2025-12-15T17:23:52Z,en,phone
REG-2026-000736,LUMA-DE-00117,CC-LUMA-002,ccciw.liam.jansen292@outlook.com,,,,
REG-2026-000737,LUMA-NL-00003,CC-LUMA-001,ccciw.avery.smith725@t-online.de,2025-04-04T12:22:58Z,2025-06-04T12:22:58Z,en,webpage
REG-2026-000738,LUMA-DE-00118,CC-LUMA-001,ccciw.jordan.brown630@outlook.com,2025-05-17T13:28:09Z,2025-07-17T13:28:09Z,en,app
REG-2026-000739,NOVA-DE-00137,CC-NOVA-001,ccciw.leo.huber271@yahoo.com,2025-08-13T23:03:16Z,2025-10-13T23:03:16Z,en,in-store
REG-2026-000740,AURA-DE-00070,CC-AURA-001,ccciw.robin.garcia860@outlook.com,2026-01-19T21:16:22Z,2026-03-19T21:16:22Z,nl,in-store
REG-2026-000741,PRISM-DE-00134,CC-PRISM-001,ccciw.robin.becker589@web.de,2026-02-13T12:15:32Z,2026-04-13T12:15:32Z,en,in-store
REG-2026-000742,NOVA-DE-00138,CC-NOVA-002,ccciw.ella.jansen876@t-online.de,2025-04-12T20:48:13Z,2025-06-12T20:48:13Z,en,app
REG-2026-000743,LUMA-DE-00119,CC-LUMA-001,ccciw.emma.jansen398@t-online.de,2025-07-26T09:56:23Z,2025-09-26T09:56:23Z,fr,in-store
REG-2026-000744,NOVA-DE-00139,CC-NOVA-002,ccciw.milan.wagner949@web.de,,,,
REG-2026-000745,LUMA-CH-00006,CC-LUMA-002,ccciw.milan.muller301@web.de,2025-04-16T13:31:59Z,2025-06-16T13:31:59Z,en,phone
REG-2026-000746,LUMA-DE-00120,CC-LUMA-002,ccciw.avery.keller608@gmx.de,2025-12-06T08:47:00Z,2026-02-06T08:47:00Z,en,webpage
REG-2026-000747,NOVA-DE-00140,CC-NOVA-002,ccciw.morgan.huber345@t-online.de,,,,
REG-2026-000748,LUMA-DE-00121,CC-LUMA-002,ccciw.jordan.hoffmann950@t-online.de,2025-04-30T16:59:45Z,2025-06-30T16:59:45Z,nl,webpage
REG-2026-000749,NOVA-DE-00141,CC-NOVA-002,ccciw.noah.muller480@t-online.de,,,,
REG-2026-000750,CHROMA-DE-00132,CC-CHROMA-001,ccciw.emma.keller960@outlook.com,2026-02-06T13:23:40Z,2026-04-06T13:23:40Z,es,phone
